doc,edge_id,enhanced_signature,is_property,method_full_name,name,object_type,parameter_types,parameters_count,relationship,requires_parameters,return_type,return_type_source,signature,source,source_object,source_type,target
compressed_text,487,"(column)",false,"BaseTable.std","std","BaseTable","{}",1,"BaseTable -> Standard","[""column""]","Standard","docstring","(column)",2,"BaseTable","BaseTable",34
"Get neighborhood sampling - delegates to PyGraphAnalysis helper",62,"(center_nodes, radius, max_nodes)",false,"Graph.neighborhood","neighborhood","Graph","{}",3,"Graph -> GraphAnalysis","[""center_nodes""]","GraphAnalysis","docstring","(center_nodes, radius=None, max_nodes=None)",14,"Graph","Graph",15
compressed_text,112,"(attr_names)",false,"EdgesAccessor.group_by","group_by","EdgesAccessor","{}",1,"EdgesAccessor -> SubgraphArray","[""attr_names""]","SubgraphArray","test_execution","(attr_names)",10,"EdgesAccessor","EdgesAccessor",37
"Get last n rows (default 5)",488,"(n)",false,"BaseTable.tail","tail","BaseTable","{}",1,"BaseTable -> BaseTable","[]","BaseTable","test_execution","(n=5)",2,"BaseTable","BaseTable",2
"Check whether the table contains any rows",151,"()",false,"NodesTable.is_empty","is_empty","NodesTable","{}",0,"NodesTable -> bool","[]","bool","test_execution","()",27,"NodesTable","NodesTable",47
"Apply table() to each NodesAccessor and return TableArray",214,"()",false,"NodesArray.table","table","NodesArray","{}",0,"NodesArray -> TableArray","[]","TableArray","test_execution","()",25,"NodesArray","NodesArray",39
"Elementwise multiplication (Hadamard product)
Returns: new GraphMatrix with elementwise product",323,"(other)",false,"GraphMatrix.elementwise_multiply","elementwise_multiply","GraphMatrix","{}",1,"GraphMatrix -> GraphMatrix","[""other""]","GraphMatrix","docstring","(other)",18,"GraphMatrix","GraphMatrix",18
compressed_text,575,"()",false,"EdgeId.as_integer_ratio","as_integer_ratio","EdgeId","{}",0,"EdgeId -> tuple","[]","tuple","test_execution","()",9,"EdgeId","EdgeId",55
compressed_text,149,"(port, layout, theme, width, height)",false,"NodesTable.interactive_viz","interactive_viz","NodesTable","{}",5,"NodesTable -> VizAccessor","[]","VizAccessor","test_execution","(port=None, layout=None, theme=None, width=None, height=None)",27,"NodesTable","NodesTable",46
compressed_text,480,"(row, column_name, value)",false,"BaseTable.set_value","set_value","BaseTable","{}",3,"BaseTable -> Unknown","[""row"", ""column_name"", ""value""]","Unknown","unknown","(row, column_name, value)",2,"BaseTable","BaseTable",43
compressed_text,523,"(suffix)",false,"AttrName.removesuffix","removesuffix","AttrName","{}",1,"AttrName -> str","[""suffix""]","str","docstring","(suffix, /)",0,"AttrName","AttrName",54
"Create subgraph from list of edges.",85,"(edges)",false,"Graph.subgraph_from_edges","subgraph_from_edges","Graph","{}",1,"Graph -> list","[""edges""]","list","docstring","(edges)",14,"Graph","Graph",52
compressed_text,467,"(index, columns, values, aggfunc)",false,"BaseTable.pivot_table","pivot_table","BaseTable","{}",4,"BaseTable -> Reshaped","[""index"", ""columns"", ""values"", ""aggfunc""]","Reshaped","docstring","(index, columns, values, aggfunc)",2,"BaseTable","BaseTable",33
"Auto-assign edge IDs for null values (useful for meta nodes)",170,"()",false,"EdgesTable.auto_assign_edge_ids","auto_assign_edge_ids","EdgesTable","{}",0,"EdgesTable -> EdgesTable","[]","EdgesTable","test_execution","()",12,"EdgesTable","EdgesTable",12
compressed_text,514,"()",false,"AttrName.isspace","isspace","AttrName","{}",0,"AttrName -> bool","[]","bool","test_execution","()",0,"AttrName","AttrName",47
"Get attribute value history for a node within a commit range.",66,"(node_id, attr, from_commit, to_commit)",false,"Graph.node_attr_history","node_attr_history","Graph","{}",4,"Graph -> Commit","[""node_id"", ""attr"", ""from_commit"", ""to_commit""]","Commit","docstring","(node_id, attr, from_commit, to_commit)",14,"Graph","Graph",5
compressed_text,136,"(bundle_path)",false,"GraphTable.verify_bundle","verify_bundle","GraphTable","{}",1,"GraphTable -> dict","[""bundle_path""]","dict","docstring","(bundle_path)",19,"GraphTable","GraphTable",49
compressed_text,585,"(bytes, byteorder, signed)",false,"StateId.from_bytes","from_bytes","StateId","{}",3,"StateId -> list","[""bytes"", ""byteorder""]","list","docstring","(bytes, byteorder, *, signed=False)",35,"StateId","StateId",52
"Create an EdgesArray for delegation chains
Implements: g.edges.array()",109,"()",false,"EdgesAccessor.array","array","EdgesAccessor","{}",0,"EdgesAccessor -> EdgesArray","[]","EdgesArray","test_execution","()",10,"EdgesAccessor","EdgesAccessor",11
compressed_text,584,"()",false,"StateId.bit_length","bit_length","StateId","{}",0,"StateId -> int","[]","int","test_execution","()",35,"StateId","StateId",51
compressed_text,115,"(attrs_dict)",false,"EdgesAccessor.set_attrs","set_attrs","EdgesAccessor","{}",1,"EdgesAccessor -> Graph","[""attrs_dict""]","Graph","docstring","(attrs_dict)",10,"EdgesAccessor","EdgesAccessor",14
"Get number of total rows (nodes + edges)",126,"()",false,"GraphTable.nrows","nrows","GraphTable","{}",0,"GraphTable -> int","[]","int","test_execution","()",19,"GraphTable","GraphTable",51
"Get Laplacian matrix - delegates to PyGraphMatrixHelper",59,"(normalized)",false,"Graph.laplacian_matrix","laplacian_matrix","Graph","{}",1,"Graph -> GraphMatrix","[]","GraphMatrix","test_execution","(normalized=None)",14,"Graph","Graph",18
"Explicit row iterator matching the Python iteration protocol.",188,"()",false,"EdgesTable.iter","iter","EdgesTable","{}",0,"EdgesTable -> EdgesTableRowIterator","[]","EdgesTableRowIterator","test_execution","()",12,"EdgesTable","EdgesTable",13
"Return the entity type string",275,"()",false,"Subgraph.entity_type","entity_type","Subgraph","{}",0,"Subgraph -> str","[]","str","test_execution","()",36,"Subgraph","Subgraph",54
"Get preview of matrix for display (first N rows/cols by default)",359,"(row_limit, col_limit)",false,"GraphMatrix.preview","preview","GraphMatrix","{}",2,"GraphMatrix -> list","[]","list","test_execution","(row_limit=None, col_limit=None)",18,"GraphMatrix","GraphMatrix",52
compressed_text,581,"(bytes, byteorder, signed)",false,"NodeId.from_bytes","from_bytes","NodeId","{}",3,"NodeId -> list","[""bytes"", ""byteorder""]","list","docstring","(bytes, byteorder, *, signed=False)",23,"NodeId","NodeId",52
"Global mean of all elements in the matrix  ",349,"()",false,"GraphMatrix.mean","mean","GraphMatrix","{}",0,"GraphMatrix -> float","[]","float","test_execution","()",18,"GraphMatrix","GraphMatrix",50
compressed_text,576,"()",false,"EdgeId.bit_length","bit_length","EdgeId","{}",0,"EdgeId -> int","[]","int","test_execution","()",9,"EdgeId","EdgeId",51
compressed_text,415,"(column_name)",false,"BaseTable.column","column","BaseTable","{}",1,"BaseTable -> BaseArray","[""column_name""]","BaseArray","test_execution","(column_name)",2,"BaseTable","BaseTable",1
compressed_text,567,"(keepends)",false,"BranchName.splitlines","splitlines","BranchName","{}",1,"BranchName -> list","[]","list","test_execution","(keepends=False)",4,"BranchName","BranchName",52
compressed_text,307,"()",false,"Subgraph.to_edges","to_edges","Subgraph","{}",0,"Subgraph -> EdgesAccessor","[]","EdgesAccessor","test_execution","()",36,"Subgraph","Subgraph",10
"",3,"(node_id, kwargs)",false,"Graph.add_node","add_node","Graph","{}",2,"Graph -> Unknown","[""kwargs""]","Unknown","unknown","(node_id=None, **kwargs)",14,"Graph","Graph",43
compressed_text,99,"()",false,"NodesAccessor.array","array","NodesAccessor","{}",0,"NodesAccessor -> NodesArray","[]","NodesArray","test_execution","()",24,"NodesAccessor","NodesAccessor",25
"Compute neighborhoods from this subgraph and return them as a SubgraphArray",293,"(center_nodes, hops)",false,"Subgraph.neighborhood","neighborhood","Subgraph","{}",2,"Subgraph -> SubgraphArray","[]","SubgraphArray","test_execution","(center_nodes=None, hops=1)",36,"Subgraph","Subgraph",37
compressed_text,573,"(width)",false,"BranchName.zfill","zfill","BranchName","{}",1,"BranchName -> str","[""width""]","str","docstring","(width, /)",4,"BranchName","BranchName",54
compressed_text,557,"(chars)",false,"BranchName.lstrip","lstrip","BranchName","{}",1,"BranchName -> str","[]","str","test_execution","(chars=None, /)",4,"BranchName","BranchName",54
compressed_text,123,"(bundle_path)",false,"GraphTable.load_bundle","load_bundle","GraphTable","{}",1,"GraphTable -> Graph","[""bundle_path""]","Graph","docstring","(bundle_path)",19,"GraphTable","GraphTable",14
"Set multiple node attributes (bulk operation) - delegates to accessor",301,"(attrs_dict)",false,"Subgraph.set_node_attrs","set_node_attrs","Subgraph","{}",1,"Subgraph -> Unknown","[""attrs_dict""]","Unknown","unknown","(attrs_dict)",36,"Subgraph","Subgraph",43
"Validate the GraphTable and return report",135,"()",false,"GraphTable.validate","validate","GraphTable","{}",0,"GraphTable -> str","[]","str","test_execution","()",19,"GraphTable","GraphTable",54
"Get column by name as BaseArray (mixed types) or NumArray (if all numerical)",336,"(name)",false,"GraphMatrix.get_column_by_name","get_column_by_name","GraphMatrix","{}",1,"GraphMatrix -> BaseArray","[""name""]","BaseArray","docstring","(name)",18,"GraphMatrix","GraphMatrix",1
"Get first n rows (default 5)",183,"(n)",false,"EdgesTable.head","head","EdgesTable","{}",1,"EdgesTable -> EdgesTable","[]","EdgesTable","test_execution","(n=5)",12,"EdgesTable","EdgesTable",12
compressed_text,353,"(operand)",false,"GraphMatrix.multiply","multiply","GraphMatrix","{}",1,"GraphMatrix -> float","[""operand""]","float","docstring","(operand)",18,"GraphMatrix","GraphMatrix",50
compressed_text,530,"(keepends)",false,"AttrName.splitlines","splitlines","AttrName","{}",1,"AttrName -> list","[]","list","test_execution","(keepends=False)",0,"AttrName","AttrName",52
compressed_text,549,"()",false,"BranchName.isnumeric","isnumeric","BranchName","{}",0,"BranchName -> bool","[]","bool","test_execution","()",4,"BranchName","BranchName",47
"Find the minimum value",226,"()",false,"NumArray.min","min","NumArray","{}",0,"NumArray -> float","[]","float","test_execution","()",31,"NumArray","NumArray",50
"Filter nodes and return new subgraph  ",277,"(filter)",false,"Subgraph.filter_nodes","filter_nodes","Subgraph","{}",1,"Subgraph -> Subgraph","[""filter""]","Subgraph","test_execution","(filter)",36,"Subgraph","Subgraph",36
"",29,"(edge)",false,"Graph.edge_endpoints","edge_endpoints","Graph","{}",1,"Graph -> Unknown","[""edge""]","Unknown","unknown","(edge)",14,"Graph","Graph",43
"Count unique values",228,"()",false,"NumArray.nunique","nunique","NumArray","{}",0,"NumArray -> int","[]","int","test_execution","()",31,"NumArray","NumArray",51
compressed_text,472,"(columns)",false,"BaseTable.rename","rename","BaseTable","{}",1,"BaseTable -> dict","[""columns""]","dict","docstring","(columns)",2,"BaseTable","BaseTable",49
"Global minimum value in the matrix",351,"()",false,"GraphMatrix.min","min","GraphMatrix","{}",0,"GraphMatrix -> float","[]","float","test_execution","()",18,"GraphMatrix","GraphMatrix",50
compressed_text,568,"(chars)",false,"BranchName.strip","strip","BranchName","{}",1,"BranchName -> str","[]","str","test_execution","(chars=None, /)",4,"BranchName","BranchName",54
"Convert edge attributes to matrix
Implements: g.edges.matrix()",114,"()",false,"EdgesAccessor.matrix","matrix","EdgesAccessor","{}",0,"EdgesAccessor -> GraphMatrix","[]","GraphMatrix","test_execution","()",10,"EdgesAccessor","EdgesAccessor",18
"Convert subgraph to a GraphTable containing both nodes and edges
Pure delegation to core GraphTable",306,"()",false,"Subgraph.table","table","Subgraph","{}",0,"Subgraph -> GraphTable","[]","GraphTable","test_execution","()",36,"Subgraph","Subgraph",19
"Sample k random nodes from the graph.",76,"(k)",false,"Graph.sample","sample","Graph","{}",1,"Graph -> Subgraph","[""k""]","Subgraph","test_execution","(k)",14,"Graph","Graph",36
compressed_text,479,"(column_name, values)",false,"BaseTable.set_column","set_column","BaseTable","{}",2,"BaseTable -> list","[""column_name"", ""values""]","list","docstring","(column_name, values)",2,"BaseTable","BaseTable",52
compressed_text,265,compressed_text,false,"Subgraph.collapse","collapse","Subgraph","{}",9,"Subgraph -> MetaNode","[]","MetaNode","test_execution",compressed_text,36,"Subgraph","Subgraph",22
compressed_text,414,"(column, factor)",false,"BaseTable.check_outliers","check_outliers","BaseTable","{}",2,"BaseTable -> float","[""column""]","float","docstring","(column, factor=None)",2,"BaseTable","BaseTable",50
"Get total node count across all NodesAccessor objects",216,"()",false,"NodesArray.total_node_count","total_node_count","NodesArray","{}",0,"NodesArray -> int","[]","int","test_execution","()",25,"NodesArray","NodesArray",51
"Apply table() to all subgraphs and return PyTableArray",247,"()",false,"SubgraphArray.table","table","SubgraphArray","{}",0,"SubgraphArray -> TableArray","[]","TableArray","test_execution","()",37,"SubgraphArray","SubgraphArray",39
"Export NodesTable to CSV file",163,"(path)",false,"NodesTable.to_csv","to_csv","NodesTable","{}",1,"NodesTable -> NoneType","[""path""]","NoneType","test_execution","(path)",27,"NodesTable","NodesTable",30
"Generate dense HTML representation for small matrices",319,"()",false,"GraphMatrix.dense_html_repr","dense_html_repr","GraphMatrix","{}",0,"GraphMatrix -> str","[]","str","test_execution","()",18,"GraphMatrix","GraphMatrix",54
"Variance along specified axis (0=rows, 1=columns)",393,"(axis)",false,"GraphMatrix.var_axis","var_axis","GraphMatrix","{}",1,"GraphMatrix -> Unknown","[""axis""]","Unknown","unknown","(axis)",18,"GraphMatrix","GraphMatrix",43
"Filter edges using the same syntax as graph.filter_edges and return a subgraph",111,"(filter)",false,"EdgesAccessor.filter","filter","EdgesAccessor","{}",1,"EdgesAccessor -> Subgraph","[""filter""]","Subgraph","test_execution","(filter)",10,"EdgesAccessor","EdgesAccessor",36
"Convert table to SubgraphArray by creating subgraphs from table rows",134,"()",false,"GraphTable.to_subgraphs","to_subgraphs","GraphTable","{}",0,"GraphTable -> SubgraphArray","[]","SubgraphArray","docstring","()",19,"GraphTable","GraphTable",37
compressed_text,346,"(func)",false,"GraphMatrix.map","map","GraphMatrix","{}",1,"GraphMatrix -> Matrix","[""func""]","Matrix","docstring","(func)",18,"GraphMatrix","GraphMatrix",20
"Check if subgraph contains a specific node (alias for has_node)",268,"(node_id)",false,"Subgraph.contains_node","contains_node","Subgraph","{}",1,"Subgraph -> Subgraph","[""node_id""]","Subgraph","docstring","(node_id)",36,"Subgraph","Subgraph",36
"Get standard Laplacian matrix (D - A)",385,"()",false,"GraphMatrix.to_laplacian","to_laplacian","GraphMatrix","{}",0,"GraphMatrix -> Matrix","[]","Matrix","docstring","()",18,"GraphMatrix","GraphMatrix",20
compressed_text,582,"(length, byteorder, signed)",false,"NodeId.to_bytes","to_bytes","NodeId","{}",3,"NodeId -> list","[""length"", ""byteorder""]","list","docstring","(length, byteorder, *, signed=False)",23,"NodeId","NodeId",52
compressed_text,430,"(column, operation)",false,"BaseTable.expanding","expanding","BaseTable","{}",2,"BaseTable -> BaseArray","[""column"", ""operation""]","BaseArray","docstring","(column, operation)",2,"BaseTable","BaseTable",1
compressed_text,263,"()",false,"Subgraph.child_meta_nodes","child_meta_nodes","Subgraph","{}",0,"Subgraph -> list","[]","list","test_execution","()",36,"Subgraph","Subgraph",52
"Sample using either a sampler pipeline or a simple k value.",298,"(sampler_or_k)",false,"Subgraph.sample","sample","Subgraph","{}",1,"Subgraph -> Subgraph","[""sampler_or_k""]","Subgraph","test_execution","(sampler_or_k)",36,"Subgraph","Subgraph",36
"Remove a single node from the graph",73,"(node)",false,"Graph.remove_node","remove_node","Graph","{}",1,"Graph -> Graph","[""node""]","Graph","docstring","(node)",14,"Graph","Graph",14
"Convert to EdgesAccessor - delegates via Python.",89,"()",false,"Graph.to_edges","to_edges","Graph","{}",0,"Graph -> EdgesAccessor","[]","EdgesAccessor","test_execution","()",14,"Graph","Graph",10
"Count non-null values (for NumArray, all values are non-null by default)",219,"()",false,"NumArray.count","count","NumArray","{}",0,"NumArray -> int","[]","int","test_execution","()",31,"NumArray","NumArray",51
compressed_text,541,"(tabsize)",false,"BranchName.expandtabs","expandtabs","BranchName","{}",1,"BranchName -> str","[]","str","test_execution","(tabsize=8)",4,"BranchName","BranchName",54
compressed_text,408,"(row_data)",false,"BaseTable.append","append","BaseTable","{}",1,"BaseTable -> dict","[""row_data""]","dict","docstring","(row_data)",2,"BaseTable","BaseTable",49
compressed_text,553,"()",false,"BranchName.isupper","isupper","BranchName","{}",0,"BranchName -> bool","[]","bool","test_execution","()",4,"BranchName","BranchName",47
"Check if edge exists between nodes - delegates via Python.",46,"(source, target)",false,"Graph.has_edge_between","has_edge_between","Graph","{}",2,"Graph -> Unknown","[""source"", ""target""]","Unknown","unknown","(source, target)",14,"Graph","Graph",43
compressed_text,454,"()",false,"BaseTable.isna","isna","BaseTable","{}",0,"BaseTable -> BaseTable","[]","BaseTable","test_execution","()",2,"BaseTable","BaseTable",2
compressed_text,465,"(column, percentile, interpolation)",false,"BaseTable.percentile","percentile","BaseTable","{}",3,"BaseTable -> Unknown","[""column"", ""percentile""]","Unknown","unknown","(column, percentile, interpolation=None)",2,"BaseTable","BaseTable",43
"Filter NodesAccessor objects using a Python predicate function",206,"(predicate)",false,"NodesArray.filter","filter","NodesArray","{}",1,"NodesArray -> NodesArray","[""predicate""]","NodesArray","test_execution","(predicate)",25,"NodesArray","NodesArray",25
compressed_text,311,"()",false,"Subgraph.to_nodes","to_nodes","Subgraph","{}",0,"Subgraph -> NodesAccessor","[]","NodesAccessor","test_execution","()",36,"Subgraph","Subgraph",24
"Apply aggregation to all tables - placeholder method",249,"(agg_spec)",false,"TableArray.agg","agg","TableArray","{}",1,"TableArray -> Unknown","[""agg_spec""]","Unknown","unknown","(agg_spec)",39,"TableArray","TableArray",43
"Sum along specified axis (0=rows, 1=columns)",377,"(axis)",false,"GraphMatrix.sum_axis","sum_axis","GraphMatrix","{}",1,"GraphMatrix -> Unknown","[""axis""]","Unknown","unknown","(axis)",18,"GraphMatrix","GraphMatrix",43
"Calculate the sum",231,"()",false,"NumArray.sum","sum","NumArray","{}",0,"NumArray -> float","[]","float","test_execution","()",31,"NumArray","NumArray",50
"Create matrix from BaseArray containing numeric values",328,"(base_array, rows, cols)",false,"GraphMatrix.from_base_array","from_base_array","GraphMatrix","{}",3,"GraphMatrix -> float","[""base_array"", ""rows"", ""cols""]","float","docstring","(base_array, rows, cols)",18,"GraphMatrix","GraphMatrix",50
"Convert node attributes to matrix
Implements: g.nodes.matrix()",105,"()",false,"NodesAccessor.matrix","matrix","NodesAccessor","{}",0,"NodesAccessor -> GraphMatrix","[]","GraphMatrix","test_execution","()",24,"NodesAccessor","NodesAccessor",18
compressed_text,561,"(old, new, count)",false,"BranchName.replace","replace","BranchName","{}",3,"BranchName -> float","[""old"", ""new""]","float","docstring","(old, new, count=-1, /)",4,"BranchName","BranchName",50
"Node count property",295,"()",false,"Subgraph.node_count","node_count","Subgraph","{}",0,"Subgraph -> int","[]","int","test_execution","()",36,"Subgraph","Subgraph",51
compressed_text,468,"()",false,"BaseTable.profile","profile","BaseTable","{}",0,"BaseTable -> BaseTable","[]","BaseTable","test_execution","()",2,"BaseTable","BaseTable",2
compressed_text,244,"()",false,"SubgraphArray.nodes_table","nodes_table","SubgraphArray","{}",0,"SubgraphArray -> TableArray","[]","TableArray","test_execution","()",37,"SubgraphArray","SubgraphArray",39
"Create a ones matrix with specified dimensions",357,"(rows, cols, dtype)",false,"GraphMatrix.ones","ones","GraphMatrix","{}",3,"GraphMatrix -> Matrix","[""rows"", ""cols""]","Matrix","docstring","(rows, cols, dtype=None)",18,"GraphMatrix","GraphMatrix",20
"Get last n rows (primarily from nodes table, default 5)",130,"(n)",false,"GraphTable.tail","tail","GraphTable","{}",1,"GraphTable -> GraphTable","[]","GraphTable","test_execution","(n=5)",19,"GraphTable","GraphTable",19
"Check if node exists - DELEGATED (same as has_node)",22,"(node)",false,"Graph.contains_node","contains_node","Graph","{}",1,"Graph -> Unknown","[""node""]","Unknown","unknown","(node)",14,"Graph","Graph",43
compressed_text,97,"()",false,"Graph.view","view","Graph","{}",0,"Graph -> Subgraph","[]","Subgraph","test_execution","()",14,"Graph","Graph",36
"Check if column exists",448,"(name)",false,"BaseTable.has_column","has_column","BaseTable","{}",1,"BaseTable -> bool","[""name""]","bool","test_execution","(name)",2,"BaseTable","BaseTable",47
"Get rich display representation with EdgesTable type",191,"(config)",false,"EdgesTable.rich_display","rich_display","EdgesTable","{}",1,"EdgesTable -> str","[]","str","test_execution","(config=None)",12,"EdgesTable","EdgesTable",54
"Add a single edge to the graph with support for string IDs and attributes",0,"(source, target, uid_key, kwargs)",false,"Graph.add_edge","add_edge","Graph","{}",4,"Graph -> str","[""source"", ""target"", ""kwargs""]","str","docstring","(source, target, uid_key=None, **kwargs)",14,"Graph","Graph",54
compressed_text,431,"(operation)",false,"BaseTable.expanding_all","expanding_all","BaseTable","{}",1,"BaseTable -> float","[""operation""]","float","docstring","(operation)",2,"BaseTable","BaseTable",50
"Get first element",220,"()",false,"NumArray.first","first","NumArray","{}",0,"NumArray -> int","[]","int","test_execution","()",31,"NumArray","NumArray",51
"Get shape as (rows, cols)",128,"()",false,"GraphTable.shape","shape","GraphTable","{}",0,"GraphTable -> tuple","[]","tuple","test_execution","()",19,"GraphTable","GraphTable",55
"Filter edges by target nodes",177,"(target_nodes)",false,"EdgesTable.filter_by_targets","filter_by_targets","EdgesTable","{}",1,"EdgesTable -> Unknown","[""target_nodes""]","Unknown","unknown","(target_nodes)",12,"EdgesTable","EdgesTable",43
compressed_text,554,"(iterable)",false,"BranchName.join","join","BranchName","{}",1,"BranchName -> str","[""iterable""]","str","docstring","(iterable, /)",4,"BranchName","BranchName",54
"Get all attribute keys for an edge - delegates to PyGraphAttr",27,"(edge_id)",false,"Graph.edge_attribute_keys","edge_attribute_keys","Graph","{}",1,"Graph -> GraphAttr","[""edge_id""]","GraphAttr","docstring","(edge_id)",14,"Graph","Graph",16
"Import BaseTable from CSV file",437,"(path)",false,"BaseTable.from_csv","from_csv","BaseTable","{}",1,"BaseTable -> BaseTable","[""path""]","BaseTable","docstring","(path)",2,"BaseTable","BaseTable",2
"Convert to pandas DataFrame",493,"()",false,"BaseTable.to_pandas","to_pandas","BaseTable","{}",0,"BaseTable -> DataFrame","[]","DataFrame","test_execution","()",2,"BaseTable","BaseTable",7
"Calculate similarity - delegates via Python.",13,"(other, metric)",false,"Graph.calculate_similarity","calculate_similarity","Graph","{}",2,"Graph -> Unknown","[""other""]","Unknown","unknown","(other, metric='jaccard')",14,"Graph","Graph",43
"Softmax activation applied to matrix
Implements: matrix.softmax(dim=1)",370,"(dim)",false,"GraphMatrix.softmax","softmax","GraphMatrix","{}",1,"GraphMatrix -> GraphMatrix","[]","GraphMatrix","test_execution","(dim=1)",18,"GraphMatrix","GraphMatrix",18
"Get bulk edge attributes - delegates to PyGraphAttr",37,"(edges, attrs)",false,"Graph.get_edge_attrs","get_edge_attrs","Graph","{}",2,"Graph -> GraphAttr","[""edges"", ""attrs""]","GraphAttr","docstring","(edges, attrs)",14,"Graph","Graph",16
compressed_text,243,"()",false,"SubgraphArray.merge","merge","SubgraphArray","{}",0,"SubgraphArray -> Graph","[]","Graph","test_execution","()",37,"SubgraphArray","SubgraphArray",14
compressed_text,512,"()",false,"AttrName.isnumeric","isnumeric","AttrName","{}",0,"AttrName -> bool","[]","bool","test_execution","()",0,"AttrName","AttrName",47
compressed_text,259,"()",false,"Subgraph.adjacency_matrix","adjacency_matrix","Subgraph","{}",0,"Subgraph -> GraphMatrix","[]","GraphMatrix","test_execution","()",36,"Subgraph","Subgraph",18
"Calculate clustering coefficient for a node or entire subgraph",264,"(_node_id)",false,"Subgraph.clustering_coefficient","clustering_coefficient","Subgraph","{}",1,"Subgraph -> Subgraph","[]","Subgraph","docstring","(_node_id=None)",36,"Subgraph","Subgraph",36
"Check if subgraph contains a specific edge (alias for has_edge)  ",267,"(edge_id)",false,"Subgraph.contains_edge","contains_edge","Subgraph","{}",1,"Subgraph -> Subgraph","[""edge_id""]","Subgraph","docstring","(edge_id)",36,"Subgraph","Subgraph",36
compressed_text,453,"(column_name, values)",false,"BaseTable.isin","isin","BaseTable","{}",2,"BaseTable -> list","[""column_name"", ""values""]","list","docstring","(column_name, values)",2,"BaseTable","BaseTable",52
compressed_text,168,"(attr_name, attributes)",false,"NodesTable.with_attributes","with_attributes","NodesTable","{}",2,"NodesTable -> dict","[""attr_name"", ""attributes""]","dict","docstring","(attr_name, attributes)",27,"NodesTable","NodesTable",49
"Check if edge has specific attribute - delegates to PyGraphAttr",45,"(edge_id, attr_name)",false,"Graph.has_edge_attribute","has_edge_attribute","Graph","{}",2,"Graph -> GraphAttr","[""edge_id"", ""attr_name""]","GraphAttr","docstring","(edge_id, attr_name)",14,"Graph","Graph",16
compressed_text,526,"(sep)",false,"AttrName.rpartition","rpartition","AttrName","{}",1,"AttrName -> str","[""sep""]","str","docstring","(sep, /)",0,"AttrName","AttrName",54
compressed_text,579,"()",false,"NodeId.as_integer_ratio","as_integer_ratio","NodeId","{}",0,"NodeId -> tuple","[]","tuple","test_execution","()",23,"NodeId","NodeId",55
"Matrix Integration: Reshape NumArray into a GraphMatrix",229,"(rows, cols)",false,"NumArray.reshape","reshape","NumArray","{}",2,"NumArray -> NumArray","[""rows"", ""cols""]","NumArray","docstring","(rows, cols)",31,"NumArray","NumArray",31
"Get in-degree for nodes - delegates via Python method call.",54,"(nodes, full_graph)",false,"Graph.in_degree","in_degree","Graph","{}",2,"Graph -> NumArray","[]","NumArray","test_execution","(nodes=None, *, full_graph=False)",14,"Graph","Graph",31
"Dropout operation for regularization",321,"(p, training)",false,"GraphMatrix.dropout","dropout","GraphMatrix","{}",2,"GraphMatrix -> Unknown","[""p""]","Unknown","unknown","(p, training=None)",18,"GraphMatrix","GraphMatrix",43
"Get neighbors of nodes as they existed at a specific commit.",64,"(node_ids, commit_id)",false,"Graph.neighbors_at_commit","neighbors_at_commit","Graph","{}",2,"Graph -> Commit","[""node_ids"", ""commit_id""]","Commit","docstring","(node_ids, commit_id)",14,"Graph","Graph",5
"Convert to Python list",215,"()",false,"NodesArray.to_list","to_list","NodesArray","{}",0,"NodesArray -> list","[]","list","test_execution","()",25,"NodesArray","NodesArray",52
compressed_text,559,"(prefix)",false,"BranchName.removeprefix","removeprefix","BranchName","{}",1,"BranchName -> str","[""prefix""]","str","docstring","(prefix, /)",4,"BranchName","BranchName",54
"Calculate clustering coefficient (not yet implemented in core).",16,"(_node_id)",false,"Graph.clustering_coefficient","clustering_coefficient","Graph","{}",1,"Graph -> Unknown","[]","Unknown","unknown","(_node_id=None)",14,"Graph","Graph",43
"Create federated GraphTable from multiple bundle paths",119,"(bundle_paths, domain_names)",false,"GraphTable.from_federated_bundles","from_federated_bundles","GraphTable","{}",2,"GraphTable -> GraphTable","[""bundle_paths""]","GraphTable","docstring","(bundle_paths, domain_names=None)",19,"GraphTable","GraphTable",19
compressed_text,443,"(column, percentile, interpolation)",false,"BaseTable.get_percentile","get_percentile","BaseTable","{}",3,"BaseTable -> Object","[""column"", ""percentile""]","Object","docstring","(column, percentile, interpolation=None)",2,"BaseTable","BaseTable",32
"Convert to BaseTable (loses node-specific typing)",150,"()",false,"NodesTable.into_base_table","into_base_table","NodesTable","{}",0,"NodesTable -> BaseTable","[]","BaseTable","test_execution","()",27,"NodesTable","NodesTable",2
compressed_text,515,"()",false,"AttrName.istitle","istitle","AttrName","{}",0,"AttrName -> bool","[]","bool","test_execution","()",0,"AttrName","AttrName",47
"Get all unique edge attribute names across the entire graph",7,"()",false,"Graph.all_edge_attribute_names","all_edge_attribute_names","Graph","{}",0,"Graph -> list","[]","list","test_execution","()",14,"Graph","Graph",52
"Create a new branch (FFI wrapper around core history system)",23,"(branch_name)",false,"Graph.create_branch","create_branch","Graph","{}",1,"Graph -> Unknown","[""branch_name""]","Unknown","unknown","(branch_name)",14,"Graph","Graph",43
compressed_text,260,"(algorithm_or_pipeline, persist, return_profile)",false,"Subgraph.apply","apply","Subgraph","{}",3,"Subgraph -> list","[""algorithm_or_pipeline""]","list","docstring","(algorithm_or_pipeline, persist=True, return_profile=False)",36,"Subgraph","Subgraph",52
"Get out-degree of nodes within subgraph",296,"(nodes, full_graph)",false,"Subgraph.out_degree","out_degree","Subgraph","{}",2,"Subgraph -> NumArray","[]","NumArray","test_execution","(nodes=None, full_graph=False)",36,"Subgraph","Subgraph",31
compressed_text,522,"(prefix)",false,"AttrName.removeprefix","removeprefix","AttrName","{}",1,"AttrName -> str","[""prefix""]","str","docstring","(prefix, /)",0,"AttrName","AttrName",54
compressed_text,577,"(bytes, byteorder, signed)",false,"EdgeId.from_bytes","from_bytes","EdgeId","{}",3,"EdgeId -> list","[""bytes"", ""byteorder""]","list","docstring","(bytes, byteorder, *, signed=False)",9,"EdgeId","EdgeId",52
"Create EdgesTable from a Python dictionary (must contain 'edge_id', 'source', 'target' columns)",179,"(data)",false,"EdgesTable.from_dict","from_dict","EdgesTable","{}",1,"EdgesTable -> dict","[""data""]","dict","docstring","(data)",12,"EdgesTable","EdgesTable",49
compressed_text,426,"(subset)",false,"BaseTable.drop_duplicates","drop_duplicates","BaseTable","{}",1,"BaseTable -> BaseTable","[]","BaseTable","test_execution","(subset=None)",2,"BaseTable","BaseTable",2
"Get a GraphTable representation of this graph
Implements: g.table()",88,"()",false,"Graph.table","table","Graph","{}",0,"Graph -> GraphTable","[]","GraphTable","test_execution","()",14,"Graph","Graph",19
"List attribute names available within this accessor's edge set",110,"()",false,"EdgesAccessor.attribute_names","attribute_names","EdgesAccessor","{}",0,"EdgesAccessor -> list","[]","list","test_execution","()",10,"EdgesAccessor","EdgesAccessor",52
"Get an EdgesTable representation of accessible edges
Implements: g.edges.table()  ",116,"()",false,"EdgesAccessor.table","table","EdgesAccessor","{}",0,"EdgesAccessor -> EdgesTable","[]","EdgesTable","test_execution","()",10,"EdgesAccessor","EdgesAccessor",12
compressed_text,310,"()",false,"Subgraph.to_networkx","to_networkx","Subgraph","{}",0,"Subgraph -> Graph","[]","Graph","test_execution","()",36,"Subgraph","Subgraph",14
compressed_text,409,"(row)",false,"BaseTable.append_row","append_row","BaseTable","{}",1,"BaseTable -> dict","[""row""]","dict","docstring","(row)",2,"BaseTable","BaseTable",49
"Calculate the trace (sum of diagonal elements) - only for square matrices",391,"()",false,"GraphMatrix.trace","trace","GraphMatrix","{}",0,"GraphMatrix -> Unknown","[]","Unknown","unknown","()",18,"GraphMatrix","GraphMatrix",43
compressed_text,157,"(columns)",false,"NodesTable.select","select","NodesTable","{}",1,"NodesTable -> list","[""columns""]","list","docstring","(columns)",27,"NodesTable","NodesTable",52
"Return a version of the string suitable for caseless comparisons.",538,"()",false,"BranchName.casefold","casefold","BranchName","{}",0,"BranchName -> str","[]","str","test_execution","()",4,"BranchName","BranchName",54
"Get number of columns",153,"()",false,"NodesTable.ncols","ncols","NodesTable","{}",0,"NodesTable -> int","[]","int","test_execution","()",27,"NodesTable","NodesTable",51
compressed_text,510,"()",false,"AttrName.isidentifier","isidentifier","AttrName","{}",0,"AttrName -> bool","[]","bool","test_execution","()",0,"AttrName","AttrName",47
compressed_text,139,"(predicate)",false,"NodesTable.filter","filter","NodesTable","{}",1,"NodesTable -> NodesTable","[""predicate""]","NodesTable","test_execution","(predicate)",27,"NodesTable","NodesTable",27
"Generate transition matrix - delegates to PyGraphMatrixHelper",95,"()",false,"Graph.transition_matrix","transition_matrix","Graph","{}",0,"Graph -> Matrix","[]","Matrix","docstring","()",14,"Graph","Graph",20
"Merge with another subgraph (not yet implemented).",60,"(other)",false,"Graph.merge_with","merge_with","Graph","{}",1,"Graph -> Subgraph","[""other""]","Subgraph","docstring","(other)",14,"Graph","Graph",36
"Convert to Python list",256,"()",false,"TableArray.to_list","to_list","TableArray","{}",0,"TableArray -> list","[]","list","test_execution","()",39,"TableArray","TableArray",52
"Compute gradients via backpropagation",315,"()",false,"GraphMatrix.backward","backward","GraphMatrix","{}",0,"GraphMatrix -> Unknown","[]","Unknown","unknown","()",18,"GraphMatrix","GraphMatrix",43
compressed_text,404,"(prefix)",false,"BaseTable.add_prefix","add_prefix","BaseTable","{}",1,"BaseTable -> str","[""prefix""]","str","docstring","(prefix)",2,"BaseTable","BaseTable",54
compressed_text,12,"()",false,"Graph.build_temporal_index","build_temporal_index","Graph","{}",0,"Graph -> TemporalIndex","[]","TemporalIndex","test_execution","()",14,"Graph","Graph",41
"Get bulk node attributes - delegates to PyGraphAttr",40,"(nodes, attrs)",false,"Graph.get_node_attrs","get_node_attrs","Graph","{}",2,"Graph -> GraphAttr","[""nodes"", ""attrs""]","GraphAttr","docstring","(nodes, attrs)",14,"Graph","Graph",16
"Helper method to resolve string ID to NodeId using uid_key attribute",75,"(string_id, uid_key)",false,"Graph.resolve_string_id_to_node","resolve_string_id_to_node","Graph","{}",2,"Graph -> str","[""string_id"", ""uid_key""]","str","docstring","(string_id, uid_key)",14,"Graph","Graph",54
"Convert to Python list",232,"()",false,"NumArray.to_list","to_list","NumArray","{}",0,"NumArray -> list","[]","list","test_execution","()",31,"NumArray","NumArray",52
compressed_text,527,"(sep, maxsplit)",false,"AttrName.rsplit","rsplit","AttrName","{}",2,"AttrName -> list","[]","list","test_execution","(sep=None, maxsplit=-1)",0,"AttrName","AttrName",52
"Check if a node exists in this subgraph",284,"(node_id)",false,"Subgraph.has_node","has_node","Subgraph","{}",1,"Subgraph -> Subgraph","[""node_id""]","Subgraph","docstring","(node_id)",36,"Subgraph","Subgraph",36
compressed_text,529,"(sep, maxsplit)",false,"AttrName.split","split","AttrName","{}",2,"AttrName -> list","[]","list","test_execution","(sep=None, maxsplit=-1)",0,"AttrName","AttrName",52
"Compute multiple percentiles for a specific column",466,"(column, percentiles, interpolation)",false,"BaseTable.percentiles","percentiles","BaseTable","{}",3,"BaseTable -> Unknown","[""column"", ""percentiles""]","Unknown","unknown","(column, percentiles, interpolation=None)",2,"BaseTable","BaseTable",43
compressed_text,477,"(n, fraction, weights, subset, class_weights, replace)",false,"BaseTable.sample","sample","BaseTable","{}",6,"BaseTable -> float","[]","float","docstring","(n=None, fraction=None, weights=None, subset=None, class_weights=None, replace=False)",2,"BaseTable","BaseTable",50
compressed_text,496,"(other)",false,"BaseTable.union","union","BaseTable","{}",1,"BaseTable -> Unknown","[""other""]","Unknown","unknown","(other)",2,"BaseTable","BaseTable",43
"Return a copy of the string converted to uppercase.",535,"()",false,"AttrName.upper","upper","AttrName","{}",0,"AttrName -> str","[]","str","test_execution","()",0,"AttrName","AttrName",54
compressed_text,172,"(columns)",false,"EdgesTable.drop_columns","drop_columns","EdgesTable","{}",1,"EdgesTable -> list","[""columns""]","list","docstring","(columns)",12,"EdgesTable","EdgesTable",52
compressed_text,159,"(start, end)",false,"NodesTable.slice","slice","NodesTable","{}",2,"NodesTable -> NodesTable","[""start"", ""end""]","NodesTable","docstring","(start, end)",27,"NodesTable","NodesTable",27
"Get text summary of subgraph",305,"()",false,"Subgraph.summary","summary","Subgraph","{}",0,"Subgraph -> str","[]","str","test_execution","()",36,"Subgraph","Subgraph",54
compressed_text,543,"()",false,"BranchName.isalpha","isalpha","BranchName","{}",0,"BranchName -> bool","[]","bool","test_execution","()",4,"BranchName","BranchName",47
"Get rich display representation with NodesTable type",156,"(config)",false,"NodesTable.rich_display","rich_display","NodesTable","{}",1,"NodesTable -> str","[]","str","test_execution","(config=None)",27,"NodesTable","NodesTable",54
"Get summary string describing the graph.",87,"()",false,"Graph.summary","summary","Graph","{}",0,"Graph -> str","[]","str","test_execution","()",14,"Graph","Graph",54
compressed_text,536,"(width)",false,"AttrName.zfill","zfill","AttrName","{}",1,"AttrName -> str","[""width""]","str","docstring","(width, /)",0,"AttrName","AttrName",54
compressed_text,314,"(func)",false,"GraphMatrix.apply","apply","GraphMatrix","{}",1,"GraphMatrix -> Matrix","[""func""]","Matrix","docstring","(func)",18,"GraphMatrix","GraphMatrix",20
"Enable or disable gradient tracking for this matrix",364,"(requires_grad)",false,"GraphMatrix.requires_grad_","requires_grad_","GraphMatrix","{}",1,"GraphMatrix -> Matrix","[""requires_grad""]","Matrix","docstring","(requires_grad)",18,"GraphMatrix","GraphMatrix",20
"Create matrix from NumArray by reshaping to specified dimensions",330,"(num_array, rows, cols)",false,"GraphMatrix.from_flattened","from_flattened","GraphMatrix","{}",3,"GraphMatrix -> NumArray","[""num_array"", ""rows"", ""cols""]","NumArray","docstring","(num_array, rows, cols)",18,"GraphMatrix","GraphMatrix",31
"Get a single edge attribute value",278,"(edge_id, attr_name)",false,"Subgraph.get_edge_attribute","get_edge_attribute","Subgraph","{}",2,"Subgraph -> Unknown","[""edge_id"", ""attr_name""]","Unknown","unknown","(edge_id, attr_name)",36,"Subgraph","Subgraph",43
"Explicit row iterator that mirrors the default Python iteration protocol.",455,"()",false,"BaseTable.iter","iter","BaseTable","{}",0,"BaseTable -> BaseTableRowIterator","[]","BaseTableRowIterator","test_execution","()",2,"BaseTable","BaseTable",3
compressed_text,555,"(width, fillchar)",false,"BranchName.ljust","ljust","BranchName","{}",2,"BranchName -> str","[""width""]","str","docstring","(width, fillchar=' ', /)",4,"BranchName","BranchName",54
"Get single cell value at (row, col) - public interface",333,"(row, col)",false,"GraphMatrix.get","get","GraphMatrix","{}",2,"GraphMatrix -> Unknown","[""row"", ""col""]","Unknown","unknown","(row, col)",18,"GraphMatrix","GraphMatrix",43
compressed_text,419,"(ddof)",false,"BaseTable.cov","cov","BaseTable","{}",1,"BaseTable -> BaseTable","[]","BaseTable","test_execution","(ddof=None)",2,"BaseTable","BaseTable",2
"Filter nodes by attribute value",140,"(attr_name, value)",false,"NodesTable.filter_by_attr","filter_by_attr","NodesTable","{}",2,"NodesTable -> Unknown","[""attr_name"", ""value""]","Unknown","unknown","(attr_name, value)",27,"NodesTable","NodesTable",43
compressed_text,423,"(column)",false,"BaseTable.cumsum","cumsum","BaseTable","{}",1,"BaseTable -> BaseArray","[""column""]","BaseArray","docstring","(column)",2,"BaseTable","BaseTable",1
"Filter all tables using a query - placeholder method",252,"(query)",false,"TableArray.filter","filter","TableArray","{}",1,"TableArray -> TableArray","[""query""]","TableArray","test_execution","(query)",39,"TableArray","TableArray",39
compressed_text,451,"(other)",false,"BaseTable.intersect","intersect","BaseTable","{}",1,"BaseTable -> Unknown","[""other""]","Unknown","unknown","(other)",2,"BaseTable","BaseTable",43
compressed_text,482,"(start, end, column_name, value, step)",false,"BaseTable.set_values_by_range","set_values_by_range","BaseTable","{}",5,"BaseTable -> Unknown","[""start"", ""end"", ""column_name"", ""value""]","Unknown","unknown","(start, end, column_name, value, step=1)",2,"BaseTable","BaseTable",43
"Get single node attribute - delegates to PyGraphAttr",38,"(node, attr, default)",false,"Graph.get_node_attr","get_node_attr","Graph","{}",3,"Graph -> GraphAttr","[""node"", ""attr""]","GraphAttr","docstring","(node, attr, default=None)",14,"Graph","Graph",16
"Convert to pandas DataFrame",165,"()",false,"NodesTable.to_pandas","to_pandas","NodesTable","{}",0,"NodesTable -> DataFrame","[]","DataFrame","test_execution","()",27,"NodesTable","NodesTable",7
compressed_text,586,"(length, byteorder, signed)",false,"StateId.to_bytes","to_bytes","StateId","{}",3,"StateId -> list","[""length"", ""byteorder""]","list","docstring","(length, byteorder, *, signed=False)",35,"StateId","StateId",52
"Get column by index as BaseArray (mixed types) or NumArray (if all numerical)",335,"(col)",false,"GraphMatrix.get_column","get_column","GraphMatrix","{}",1,"GraphMatrix -> BaseArray","[""col""]","BaseArray","docstring","(col)",18,"GraphMatrix","GraphMatrix",1
"Stack matrices along specified axis",374,"(other, axis)",false,"GraphMatrix.stack","stack","GraphMatrix","{}",2,"GraphMatrix -> Unknown","[""other"", ""axis""]","Unknown","unknown","(other, axis)",18,"GraphMatrix","GraphMatrix",43
compressed_text,427,"(indices)",false,"BaseTable.drop_rows","drop_rows","BaseTable","{}",1,"BaseTable -> list","[""indices""]","list","docstring","(indices)",2,"BaseTable","BaseTable",52
compressed_text,533,"()",false,"AttrName.title","title","AttrName","{}",0,"AttrName -> str","[]","str","test_execution","()",0,"AttrName","AttrName",54
"Explicit row iterator matching the Python iteration protocol.",152,"()",false,"NodesTable.iter","iter","NodesTable","{}",0,"NodesTable -> NodesTableRowIterator","[]","NodesTableRowIterator","test_execution","()",27,"NodesTable","NodesTable",29
"Get first n rows (default 5)",450,"(n)",false,"BaseTable.head","head","BaseTable","{}",1,"BaseTable -> BaseTable","[]","BaseTable","test_execution","(n=5)",2,"BaseTable","BaseTable",2
"Filter NodesAccessor objects by node count threshold",207,"(min_size)",false,"NodesArray.filter_by_size","filter_by_size","NodesArray","{}",1,"NodesArray -> NodesAccessor","[""min_size""]","NodesAccessor","docstring","(min_size)",25,"NodesArray","NodesArray",24
compressed_text,98,"()",false,"NodesAccessor.all","all","NodesAccessor","{}",0,"NodesAccessor -> Subgraph","[]","Subgraph","test_execution","()",24,"NodesAccessor","NodesAccessor",36
"Leaky ReLU activation function",343,"(alpha)",false,"GraphMatrix.leaky_relu","leaky_relu","GraphMatrix","{}",1,"GraphMatrix -> GraphMatrix","[]","GraphMatrix","test_execution","(alpha=None)",18,"GraphMatrix","GraphMatrix",18
compressed_text,148,"()",false,"NodesTable.interactive_embed","interactive_embed","NodesTable","{}",0,"NodesTable -> str","[]","str","test_execution","()",27,"NodesTable","NodesTable",54
"Split matrix along specified axis",372,"(split_points, axis)",false,"GraphMatrix.split","split","GraphMatrix","{}",2,"GraphMatrix -> Matrix","[""split_points"", ""axis""]","Matrix","docstring","(split_points, axis)",18,"GraphMatrix","GraphMatrix",20
"DFS traversal - returns subgraph result",271,"(start, max_depth)",false,"Subgraph.dfs","dfs","Subgraph","{}",2,"Subgraph -> Subgraph","[""start""]","Subgraph","docstring","(start, max_depth=None)",36,"Subgraph","Subgraph",36
"Get rich display representation using Rust formatter",474,"(config)",false,"BaseTable.rich_display","rich_display","BaseTable","{}",1,"BaseTable -> str","[]","str","test_execution","(config=None)",2,"BaseTable","BaseTable",54
compressed_text,563,"(sep)",false,"BranchName.rpartition","rpartition","BranchName","{}",1,"BranchName -> str","[""sep""]","str","docstring","(sep, /)",4,"BranchName","BranchName",54
"Calculate the L∞ norm (maximum absolute value) of the matrix",355,"()",false,"GraphMatrix.norm_inf","norm_inf","GraphMatrix","{}",0,"GraphMatrix -> float","[]","float","test_execution","()",18,"GraphMatrix","GraphMatrix",50
compressed_text,531,"(chars)",false,"AttrName.strip","strip","AttrName","{}",1,"AttrName -> str","[]","str","test_execution","(chars=None, /)",0,"AttrName","AttrName",54
"Filter edges by source nodes",176,"(source_nodes)",false,"EdgesTable.filter_by_sources","filter_by_sources","EdgesTable","{}",1,"EdgesTable -> Unknown","[""source_nodes""]","Unknown","unknown","(source_nodes)",12,"EdgesTable","EdgesTable",43
"Convert to independent Graph - delegates via Python.",90,"()",false,"Graph.to_graph","to_graph","Graph","{}",0,"Graph -> Graph","[]","Graph","test_execution","()",14,"Graph","Graph",14
compressed_text,433,"(rows)",false,"BaseTable.extend_rows","extend_rows","BaseTable","{}",1,"BaseTable -> list","[""rows""]","list","docstring","(rows)",2,"BaseTable","BaseTable",52
"Import BaseTable from Parquet file",440,"(path)",false,"BaseTable.from_parquet","from_parquet","BaseTable","{}",1,"BaseTable -> BaseTable","[""path""]","BaseTable","docstring","(path)",2,"BaseTable","BaseTable",2
"Calculate similarity between subgraphs using various metrics",262,"(other, metric)",false,"Subgraph.calculate_similarity","calculate_similarity","Subgraph","{}",2,"Subgraph -> Unknown","[""other""]","Unknown","unknown","(other, metric='jaccard')",36,"Subgraph","Subgraph",43
"Subtract another subgraph (not yet implemented).",86,"(other)",false,"Graph.subtract_from","subtract_from","Graph","{}",1,"Graph -> Subgraph","[""other""]","Subgraph","docstring","(other)",14,"Graph","Graph",36
compressed_text,390,"()",false,"GraphMatrix.to_table_for_streaming","to_table_for_streaming","GraphMatrix","{}",0,"GraphMatrix -> BaseTable","[]","BaseTable","test_execution","()",18,"GraphMatrix","GraphMatrix",2
"Get statistics about the NodesAccessor collection",213,"()",false,"NodesArray.stats","stats","NodesArray","{}",0,"NodesArray -> dict","[]","dict","test_execution","()",25,"NodesArray","NodesArray",49
"Get shortest path as subgraph - delegates via Python.",82,"(source, target)",false,"Graph.shortest_path_subgraph","shortest_path_subgraph","Graph","{}",2,"Graph -> Subgraph","[""source"", ""target""]","Subgraph","docstring","(source, target)",14,"Graph","Graph",36
"Apply sample(k) to all subgraphs",245,"(k)",false,"SubgraphArray.sample","sample","SubgraphArray","{}",1,"SubgraphArray -> SubgraphArray","[""k""]","SubgraphArray","test_execution","(k)",37,"SubgraphArray","SubgraphArray",37
"Import NodesTable from Parquet file (must contain node_id column)",144,"(path)",false,"NodesTable.from_parquet","from_parquet","NodesTable","{}",1,"NodesTable -> NodesTable","[""path""]","NodesTable","docstring","(path)",27,"NodesTable","NodesTable",27
"Matrix inverse (Phase 5 - placeholder for now)",339,"()",false,"GraphMatrix.inverse","inverse","GraphMatrix","{}",0,"GraphMatrix -> Matrix","[]","Matrix","docstring","()",18,"GraphMatrix","GraphMatrix",20
"Merge multiple GraphTables into one using the specified strategy",124,"(tables, strategy)",false,"GraphTable.merge","merge","GraphTable","{}",2,"GraphTable -> Unknown","[""tables""]","Unknown","unknown","(tables, strategy='domain_prefix')",19,"GraphTable","GraphTable",43
"Convenience method for grouping by a single column",447,"(column)",false,"BaseTable.groupby_single","groupby_single","BaseTable","{}",1,"BaseTable -> Unknown","[""column""]","Unknown","unknown","(column)",2,"BaseTable","BaseTable",43
"Convert matrix to nested Python list
Returns: [[row1], [row2], ...] format",386,"()",false,"GraphMatrix.to_list","to_list","GraphMatrix","{}",0,"GraphMatrix -> list","[]","list","test_execution","()",18,"GraphMatrix","GraphMatrix",52
"Create NodesTable from a Python dictionary (must contain 'node_id' column)",142,"(data)",false,"NodesTable.from_dict","from_dict","NodesTable","{}",1,"NodesTable -> dict","[""data""]","dict","docstring","(data)",27,"NodesTable","NodesTable",49
"Combine all NodesAccessor objects into a single unified NodesAccessor",217,"()",false,"NodesArray.union","union","NodesArray","{}",0,"NodesArray -> NodesAccessor","[]","NodesAccessor","test_execution","()",25,"NodesArray","NodesArray",24
"Convert to Python list",248,"()",false,"SubgraphArray.to_list","to_list","SubgraphArray","{}",0,"SubgraphArray -> list","[]","list","test_execution","()",37,"SubgraphArray","SubgraphArray",52
compressed_text,456,"(other, on, how)",false,"BaseTable.join","join","BaseTable","{}",3,"BaseTable -> dict","[""other"", ""on""]","dict","docstring","(other, on, how=None)",2,"BaseTable","BaseTable",49
compressed_text,471,"(expr)",false,"BaseTable.query","query","BaseTable","{}",1,"BaseTable -> str","[""expr""]","str","docstring","(expr)",2,"BaseTable","BaseTable",54
compressed_text,566,"(sep, maxsplit)",false,"BranchName.split","split","BranchName","{}",2,"BranchName -> list","[]","list","test_execution","(sep=None, maxsplit=-1)",4,"BranchName","BranchName",52
"Eigenvalue decomposition: A * V = V * Λ
Returns tuple of (eigenvalues, eigenvectors)",322,"()",false,"GraphMatrix.eigenvalue_decomposition","eigenvalue_decomposition","GraphMatrix","{}",0,"GraphMatrix -> Unknown","[]","Unknown","unknown","()",18,"GraphMatrix","GraphMatrix",43
compressed_text,192,"(columns)",false,"EdgesTable.select","select","EdgesTable","{}",1,"EdgesTable -> list","[""columns""]","list","docstring","(columns)",12,"EdgesTable","EdgesTable",52
"List attribute names available within this accessor's node set",100,"()",false,"NodesAccessor.attribute_names","attribute_names","NodesAccessor","{}",0,"NodesAccessor -> list","[]","list","test_execution","()",24,"NodesAccessor","NodesAccessor",52
compressed_text,560,"(suffix)",false,"BranchName.removesuffix","removesuffix","BranchName","{}",1,"BranchName -> str","[""suffix""]","str","docstring","(suffix, /)",4,"BranchName","BranchName",54
"Edge count property",272,"()",false,"Subgraph.edge_count","edge_count","Subgraph","{}",0,"Subgraph -> int","[]","int","test_execution","()",36,"Subgraph","Subgraph",51
compressed_text,387,"(eps, k)",false,"GraphMatrix.to_normalized_laplacian","to_normalized_laplacian","GraphMatrix","{}",2,"GraphMatrix -> Matrix","[]","Matrix","docstring","(eps=None, k=None)",18,"GraphMatrix","GraphMatrix",20
compressed_text,558,"(sep)",false,"BranchName.partition","partition","BranchName","{}",1,"BranchName -> str","[""sep""]","str","docstring","(sep, /)",4,"BranchName","BranchName",54
"Import NodesTable from JSON file (must contain node_id column)",143,"(path)",false,"NodesTable.from_json","from_json","NodesTable","{}",1,"NodesTable -> NodesTable","[""path""]","NodesTable","docstring","(path)",27,"NodesTable","NodesTable",27
compressed_text,434,"(fill_values)",false,"BaseTable.fillna","fillna","BaseTable","{}",1,"BaseTable -> Unknown","[""fill_values""]","Unknown","unknown","(fill_values)",2,"BaseTable","BaseTable",43
"Get node IDs",154,"()",false,"NodesTable.node_ids","node_ids","NodesTable","{}",0,"NodesTable -> NumArray","[]","NumArray","test_execution","()",27,"NodesTable","NodesTable",31
compressed_text,329,"(data)",false,"GraphMatrix.from_data","from_data","GraphMatrix","{}",1,"GraphMatrix -> Matrix","[""data""]","Matrix","docstring","(data)",18,"GraphMatrix","GraphMatrix",20
"Get single cell value at (row, col)",334,"(row, col)",false,"GraphMatrix.get_cell","get_cell","GraphMatrix","{}",2,"GraphMatrix -> Unknown","[""row"", ""col""]","Unknown","unknown","(row, col)",18,"GraphMatrix","GraphMatrix",43
"Export NodesTable to Parquet file",166,"(path)",false,"NodesTable.to_parquet","to_parquet","NodesTable","{}",1,"NodesTable -> NodesTable","[""path""]","NodesTable","docstring","(path)",27,"NodesTable","NodesTable",27
"Solve linear system Ax = b",371,"(b)",false,"GraphMatrix.solve","solve","GraphMatrix","{}",1,"GraphMatrix -> Unknown","[""b""]","Unknown","unknown","(b)",18,"GraphMatrix","GraphMatrix",43
compressed_text,240,"(attr_name, element_type)",false,"SubgraphArray.group_by","group_by","SubgraphArray","{}",2,"SubgraphArray -> list","[""attr_name"", ""element_type""]","list","docstring","(attr_name, element_type)",37,"SubgraphArray","SubgraphArray",52
compressed_text,255,"(func)",false,"TableArray.map","map","TableArray","{}",1,"TableArray -> float","[""func""]","float","docstring","(func)",39,"TableArray","TableArray",50
compressed_text,120,"(bundle_path)",false,"GraphTable.get_bundle_info","get_bundle_info","GraphTable","{}",1,"GraphTable -> dict","[""bundle_path""]","dict","docstring","(bundle_path)",19,"GraphTable","GraphTable",49
compressed_text,242,"(func)",false,"SubgraphArray.map","map","SubgraphArray","{}",1,"SubgraphArray -> float","[""func""]","float","docstring","(func)",37,"SubgraphArray","SubgraphArray",50
"Get edges as tuples (edge_id, source, target)",169,"()",false,"EdgesTable.as_tuples","as_tuples","EdgesTable","{}",0,"EdgesTable -> list","[]","list","test_execution","()",12,"EdgesTable","EdgesTable",52
"Get node attribute - delegates via Python.",39,"(node_id, attr_name)",false,"Graph.get_node_attribute","get_node_attribute","Graph","{}",2,"Graph -> Unknown","[""node_id"", ""attr_name""]","Unknown","unknown","(node_id, attr_name)",14,"Graph","Graph",43
compressed_text,546,"()",false,"BranchName.isdigit","isdigit","BranchName","{}",0,"BranchName -> bool","[]","bool","test_execution","()",4,"BranchName","BranchName",47
compressed_text,34,"(filter)",false,"Graph.filter_nodes","filter_nodes","Graph","{}",1,"Graph -> str","[""filter""]","str","docstring","(filter)",14,"Graph","Graph",54
compressed_text,544,"()",false,"BranchName.isascii","isascii","BranchName","{}",0,"BranchName -> bool","[]","bool","test_execution","()",4,"BranchName","BranchName",47
"Direct delegation: Apply sample(k) to each component and return PySubgraphArray",400,"(k)",false,"ComponentsArray.sample","sample","ComponentsArray","{}",1,"ComponentsArray -> SubgraphArray","[""k""]","SubgraphArray","test_execution","(k)",6,"ComponentsArray","ComponentsArray",37
compressed_text,161,"(columns, ascending)",false,"NodesTable.sort_values","sort_values","NodesTable","{}",2,"NodesTable -> list","[""columns""]","list","docstring","(columns, ascending=None)",27,"NodesTable","NodesTable",52
"Get reference to underlying BaseTable",171,"()",false,"EdgesTable.base_table","base_table","EdgesTable","{}",0,"EdgesTable -> BaseTable","[]","BaseTable","test_execution","()",12,"EdgesTable","EdgesTable",2
"Check if the array contains a specific NodesAccessor",205,"(item)",false,"NodesArray.contains","contains","NodesArray","{}",1,"NodesArray -> list","[""item""]","list","docstring","(item)",25,"NodesArray","NodesArray",52
"Element-wise absolute value",313,"()",false,"GraphMatrix.abs","abs","GraphMatrix","{}",0,"GraphMatrix -> GraphMatrix","[]","GraphMatrix","test_execution","()",18,"GraphMatrix","GraphMatrix",18
"Iterate over columns - returns iterator of BaseArrays or NumArrays",341,"()",false,"GraphMatrix.iter_columns","iter_columns","GraphMatrix","{}",0,"GraphMatrix -> list","[]","list","test_execution","()",18,"GraphMatrix","GraphMatrix",52
"Export EdgesTable to Parquet file",203,"(path)",false,"EdgesTable.to_parquet","to_parquet","EdgesTable","{}",1,"EdgesTable -> EdgesTable","[""path""]","EdgesTable","docstring","(path)",12,"EdgesTable","EdgesTable",12
"Collect all tables into a Python list (for compatibility with iterator patterns)",250,"()",false,"TableArray.collect","collect","TableArray","{}",0,"TableArray -> list","[]","list","test_execution","()",39,"TableArray","TableArray",52
"Convert matrix to BaseArray containing all values as AttrValues",382,"()",false,"GraphMatrix.to_base_array","to_base_array","GraphMatrix","{}",0,"GraphMatrix -> BaseArray","[]","BaseArray","test_execution","()",18,"GraphMatrix","GraphMatrix",1
"Standard deviation along specified axis (0=rows, 1=columns)",375,"(axis)",false,"GraphMatrix.std_axis","std_axis","GraphMatrix","{}",1,"GraphMatrix -> Unknown","[""axis""]","Unknown","unknown","(axis)",18,"GraphMatrix","GraphMatrix",43
compressed_text,185,"()",false,"EdgesTable.interactive_embed","interactive_embed","EdgesTable","{}",0,"EdgesTable -> str","[]","str","test_execution","()",12,"EdgesTable","EdgesTable",54
"Convert to NumPy array (when numpy available)
Uses .data property to materialize data",388,"()",false,"GraphMatrix.to_numpy","to_numpy","GraphMatrix","{}",0,"GraphMatrix -> ndarray","[]","ndarray","test_execution","()",18,"GraphMatrix","GraphMatrix",53
compressed_text,444,"(columns)",false,"BaseTable.group_by","group_by","BaseTable","{}",1,"BaseTable -> TableArray","[""columns""]","TableArray","test_execution","(columns)",2,"BaseTable","BaseTable",39
compressed_text,422,"(column)",false,"BaseTable.cummin","cummin","BaseTable","{}",1,"BaseTable -> BaseArray","[""column""]","BaseArray","docstring","(column)",2,"BaseTable","BaseTable",1
compressed_text,548,"()",false,"BranchName.islower","islower","BranchName","{}",0,"BranchName -> bool","[]","bool","test_execution","()",4,"BranchName","BranchName",47
compressed_text,470,"(column, quantiles, interpolation)",false,"BaseTable.quantiles","quantiles","BaseTable","{}",3,"BaseTable -> list","[""column"", ""quantiles""]","list","docstring","(column, quantiles, interpolation=None)",2,"BaseTable","BaseTable",52
"Get shape as (rows, cols)",193,"()",false,"EdgesTable.shape","shape","EdgesTable","{}",0,"EdgesTable -> tuple","[]","tuple","test_execution","()",12,"EdgesTable","EdgesTable",55
"Check if the array is empty",210,"()",false,"NodesArray.is_empty","is_empty","NodesArray","{}",0,"NodesArray -> bool","[]","bool","test_execution","()",25,"NodesArray","NodesArray",47
"Get number of rows",190,"()",false,"EdgesTable.nrows","nrows","EdgesTable","{}",0,"EdgesTable -> int","[]","int","test_execution","()",12,"EdgesTable","EdgesTable",51
compressed_text,481,"(mask, column_name, value)",false,"BaseTable.set_values_by_mask","set_values_by_mask","BaseTable","{}",3,"BaseTable -> list","[""mask"", ""column_name"", ""value""]","list","docstring","(mask, column_name, value)",2,"BaseTable","BaseTable",52
"Get shape as (rows, cols)",158,"()",false,"NodesTable.shape","shape","NodesTable","{}",0,"NodesTable -> tuple","[]","tuple","test_execution","()",27,"NodesTable","NodesTable",55
compressed_text,418,"(col1, col2, method)",false,"BaseTable.corr_columns","corr_columns","BaseTable","{}",3,"BaseTable -> float","[""col1"", ""col2""]","float","docstring","(col1, col2, method=None)",2,"BaseTable","BaseTable",50
"Get all meta-nodes - delegates via Python.",61,"()",false,"Graph.meta_nodes","meta_nodes","Graph","{}",0,"Graph -> list","[]","list","test_execution","()",14,"Graph","Graph",52
"Check if an edge exists in this subgraph",281,"(edge_id)",false,"Subgraph.has_edge","has_edge","Subgraph","{}",1,"Subgraph -> Subgraph","[""edge_id""]","Subgraph","docstring","(edge_id)",36,"Subgraph","Subgraph",36
compressed_text,490,"(source_id_column: str, target_id_column: str, edge_id_column: typing.Optional[str])",false,"BaseTable.to_edges_table","to_edges_table","BaseTable","{""source_id_column"": ""str"", ""target_id_column"": ""str"", ""edge_id_column"": ""typing.Optional[str]""}",3,"BaseTable -> EdgesTable","[]","EdgesTable","signature",compressed_text,2,"BaseTable","BaseTable",12
"Export BaseTable to JSON file",491,"(path)",false,"BaseTable.to_json","to_json","BaseTable","{}",1,"BaseTable -> NoneType","[""path""]","NoneType","test_execution","(path)",2,"BaseTable","BaseTable",30
"Aggregate attribute values across nodes or edges",6,"(attribute, operation, target, _node_ids)",false,"Graph.aggregate","aggregate","Graph","{}",4,"Graph -> Unknown","[""attribute"", ""operation""]","Unknown","unknown","(attribute, operation, target=None, _node_ids=None)",14,"Graph","Graph",43
compressed_text,460,"()",false,"BaseTable.notna","notna","BaseTable","{}",0,"BaseTable -> BaseTable","[]","BaseTable","test_execution","()",2,"BaseTable","BaseTable",2
"Zero out all gradients in the computation graph",394,"()",false,"GraphMatrix.zero_grad","zero_grad","GraphMatrix","{}",0,"GraphMatrix -> Graph","[]","Graph","docstring","()",18,"GraphMatrix","GraphMatrix",14
compressed_text,570,"()",false,"BranchName.title","title","BranchName","{}",0,"BranchName -> str","[]","str","test_execution","()",4,"BranchName","BranchName",54
compressed_text,9,"(algorithm_or_pipeline, persist, return_profile)",false,"Graph.apply","apply","Graph","{}",3,"Graph -> list","[""algorithm_or_pipeline""]","list","docstring","(algorithm_or_pipeline, persist=True, return_profile=False)",14,"Graph","Graph",52
"Get unique values for an attribute",204,"(attr_name)",false,"EdgesTable.unique_attr_values","unique_attr_values","EdgesTable","{}",1,"EdgesTable -> Unknown","[""attr_name""]","Unknown","unknown","(attr_name)",12,"EdgesTable","EdgesTable",43
compressed_text,499,"(column)",false,"BaseTable.var","var","BaseTable","{}",1,"BaseTable -> Variance","[""column""]","Variance","docstring","(column)",2,"BaseTable","BaseTable",45
compressed_text,528,"(chars)",false,"AttrName.rstrip","rstrip","AttrName","{}",1,"AttrName -> str","[]","str","test_execution","(chars=None, /)",0,"AttrName","AttrName",54
"List all branches (FFI wrapper around core history system)",11,"()",false,"Graph.branches","branches","Graph","{}",0,"Graph -> list","[]","list","test_execution","()",14,"Graph","Graph",52
"Direct delegation: Apply filter to components",397,"(predicate)",false,"ComponentsArray.filter","filter","ComponentsArray","{}",1,"ComponentsArray -> ComponentsArray","[""predicate""]","ComponentsArray","test_execution","(predicate)",6,"ComponentsArray","ComponentsArray",6
"Check if node has specific attribute - delegates to PyGraphAttr",49,"(node_id, attr_name)",false,"Graph.has_node_attribute","has_node_attribute","Graph","{}",2,"Graph -> GraphAttr","[""node_id"", ""attr_name""]","GraphAttr","docstring","(node_id, attr_name)",14,"Graph","Graph",16
compressed_text,508,"()",false,"AttrName.isdecimal","isdecimal","AttrName","{}",0,"AttrName -> bool","[]","bool","test_execution","()",0,"AttrName","AttrName",47
compressed_text,511,"()",false,"AttrName.islower","islower","AttrName","{}",0,"AttrName -> bool","[]","bool","test_execution","()",0,"AttrName","AttrName",47
"Convert table to NodesAccessor by extracting node IDs from the table",133,"()",false,"GraphTable.to_nodes","to_nodes","GraphTable","{}",0,"GraphTable -> NodesAccessor","[]","NodesAccessor","docstring","()",19,"GraphTable","GraphTable",24
"Get summary information without materializing data",378,"()",false,"GraphMatrix.summary","summary","GraphMatrix","{}",0,"GraphMatrix -> str","[]","str","test_execution","()",18,"GraphMatrix","GraphMatrix",54
"Get degree for nodes - delegates via Python method call.",24,"(nodes, full_graph)",false,"Graph.degree","degree","Graph","{}",2,"Graph -> NumArray","[]","NumArray","test_execution","(nodes=None, *, full_graph=False)",14,"Graph","Graph",31
"Element-wise natural logarithm",344,"()",false,"GraphMatrix.log","log","GraphMatrix","{}",0,"GraphMatrix -> GraphMatrix","[]","GraphMatrix","test_execution","()",18,"GraphMatrix","GraphMatrix",18
compressed_text,498,"(column, sort, ascending, dropna)",false,"BaseTable.value_counts","value_counts","BaseTable","{}",4,"BaseTable -> Table","[""column""]","Table","docstring","(column, sort=None, ascending=None, dropna=None)",2,"BaseTable","BaseTable",38
"Check if edge exists between two nodes",282,"(source, target)",false,"Subgraph.has_edge_between","has_edge_between","Subgraph","{}",2,"Subgraph -> Unknown","[""source"", ""target""]","Unknown","unknown","(source, target)",36,"Subgraph","Subgraph",43
compressed_text,227,"()",false,"NumArray.notna","notna","NumArray","{}",0,"NumArray -> NumArray","[]","NumArray","test_execution","()",31,"NumArray","NumArray",31
compressed_text,459,"(n, column_name)",false,"BaseTable.nlargest","nlargest","BaseTable","{}",2,"BaseTable -> float","[""n"", ""column_name""]","float","docstring","(n, column_name)",2,"BaseTable","BaseTable",50
compressed_text,552,"()",false,"BranchName.istitle","istitle","BranchName","{}",0,"BranchName -> bool","[]","bool","test_execution","()",4,"BranchName","BranchName",47
"Placeholder for scalar operations",367,"(scalar)",false,"GraphMatrix.scalar_multiply","scalar_multiply","GraphMatrix","{}",1,"GraphMatrix -> Unknown","[""scalar""]","Unknown","unknown","(scalar)",18,"GraphMatrix","GraphMatrix",43
compressed_text,550,"()",false,"BranchName.isprintable","isprintable","BranchName","{}",0,"BranchName -> bool","[]","bool","test_execution","()",4,"BranchName","BranchName",47
"Global sum of all elements in the matrix",376,"()",false,"GraphMatrix.sum","sum","GraphMatrix","{}",0,"GraphMatrix -> float","[]","float","test_execution","()",18,"GraphMatrix","GraphMatrix",50
"QR decomposition: A = Q * R
Returns tuple of (Q, R) where Q is orthogonal and R is upper triangular",360,"()",false,"GraphMatrix.qr_decomposition","qr_decomposition","GraphMatrix","{}",0,"GraphMatrix -> tuple","[]","tuple","test_execution","()",18,"GraphMatrix","GraphMatrix",55
"Calculate variance",235,"()",false,"NumArray.var","var","NumArray","{}",0,"NumArray -> float","[]","float","test_execution","()",31,"NumArray","NumArray",50
"Get number of columns (max of nodes and edges)",125,"()",false,"GraphTable.ncols","ncols","GraphTable","{}",0,"GraphTable -> int","[]","int","test_execution","()",19,"GraphTable","GraphTable",51
"Calculate standard deviation",230,"()",false,"NumArray.std","std","NumArray","{}",0,"NumArray -> float","[]","float","test_execution","()",31,"NumArray","NumArray",50
compressed_text,327,"()",false,"GraphMatrix.flatten","flatten","GraphMatrix","{}",0,"GraphMatrix -> NumArray","[]","NumArray","test_execution","()",18,"GraphMatrix","GraphMatrix",31
"Direct delegation: Apply table() to each component and return PyTableArray",402,"()",false,"ComponentsArray.table","table","ComponentsArray","{}",0,"ComponentsArray -> TableArray","[]","TableArray","test_execution","()",6,"ComponentsArray","ComponentsArray",39
"Calculate the L1 norm (sum of absolute values) of the matrix",356,"()",false,"GraphMatrix.norm_l1","norm_l1","GraphMatrix","{}",0,"GraphMatrix -> float","[]","float","test_execution","()",18,"GraphMatrix","GraphMatrix",50
"Check if an edge exists in the graph - DELEGATED  ",44,"(edge_id)",false,"Graph.has_edge","has_edge","Graph","{}",1,"Graph -> Graph","[""edge_id""]","Graph","docstring","(edge_id)",14,"Graph","Graph",14
"Get connected components within this subgraph (lazy array)",266,"()",false,"Subgraph.connected_components","connected_components","Subgraph","{}",0,"Subgraph -> ComponentsArray","[]","ComponentsArray","test_execution","()",36,"Subgraph","Subgraph",6
compressed_text,483,"(column, periods, fill_value)",false,"BaseTable.shift","shift","BaseTable","{}",3,"BaseTable -> float","[""column"", ""periods""]","float","docstring","(column, periods, fill_value=None)",2,"BaseTable","BaseTable",50
compressed_text,127,"(bundle_path)",false,"GraphTable.save_bundle","save_bundle","GraphTable","{}",1,"GraphTable -> GraphTable","[""bundle_path""]","GraphTable","docstring","(bundle_path)",19,"GraphTable","GraphTable",19
compressed_text,103,"(attr_names)",false,"NodesAccessor.group_by","group_by","NodesAccessor","{}",1,"NodesAccessor -> SubgraphArray","[""attr_names""]","SubgraphArray","test_execution","(attr_names)",24,"NodesAccessor","NodesAccessor",37
"Import EdgesTable from CSV file (must contain edge_id, source, target columns)",178,"(path)",false,"EdgesTable.from_csv","from_csv","EdgesTable","{}",1,"EdgesTable -> EdgesTable","[""path""]","EdgesTable","docstring","(path)",12,"EdgesTable","EdgesTable",12
compressed_text,475,"(column, window, operation)",false,"BaseTable.rolling","rolling","BaseTable","{}",3,"BaseTable -> BaseArray","[""column"", ""window"", ""operation""]","BaseArray","docstring","(column, window, operation)",2,"BaseTable","BaseTable",1
"Matrix power - raise matrix to integer power
Returns: new GraphMatrix that is self^n",358,"(n)",false,"GraphMatrix.power","power","GraphMatrix","{}",1,"GraphMatrix -> int","[""n""]","int","docstring","(n)",18,"GraphMatrix","GraphMatrix",51
"Set operations - merge, intersect, subtract (placeholders)",291,"(_other)",false,"Subgraph.merge_with","merge_with","Subgraph","{}",1,"Subgraph -> Unknown","[""_other""]","Unknown","unknown","(_other)",36,"Subgraph","Subgraph",43
"Return a copy of the string converted to lowercase.",556,"()",false,"BranchName.lower","lower","BranchName","{}",0,"BranchName -> str","[]","str","test_execution","()",4,"BranchName","BranchName",54
"Build a temporal snapshot at or before the provided timestamp (seconds since epoch).",84,"(timestamp)",false,"Graph.snapshot_at_timestamp","snapshot_at_timestamp","Graph","{}",1,"Graph -> Unknown","[""timestamp""]","Unknown","unknown","(timestamp)",14,"Graph","Graph",43
"Filter nodes using the same syntax as graph.filter_nodes and return a subgraph",101,"(filter)",false,"NodesAccessor.filter","filter","NodesAccessor","{}",1,"NodesAccessor -> Subgraph","[""filter""]","Subgraph","test_execution","(filter)",24,"NodesAccessor","NodesAccessor",36
"Get the last NodesAccessor  ",212,"()",false,"NodesArray.last","last","NodesArray","{}",0,"NodesArray -> NodesAccessor","[]","NodesAccessor","test_execution","()",25,"NodesArray","NodesArray",24
"Return a version of the string suitable for caseless comparisons.",501,"()",false,"AttrName.casefold","casefold","AttrName","{}",0,"AttrName -> str","[]","str","test_execution","()",0,"AttrName","AttrName",54
"Check if has meta-nodes - delegates via Python.",47,"()",false,"Graph.has_meta_nodes","has_meta_nodes","Graph","{}",0,"Graph -> bool","[]","bool","test_execution","()",14,"Graph","Graph",47
"Get reference to underlying BaseTable",137,"()",false,"NodesTable.base_table","base_table","NodesTable","{}",0,"NodesTable -> BaseTable","[]","BaseTable","test_execution","()",27,"NodesTable","NodesTable",2
"Check if empty",221,"()",false,"NumArray.is_empty","is_empty","NumArray","{}",0,"NumArray -> bool","[]","bool","test_execution","()",31,"NumArray","NumArray",47
"Create an identity matrix with specified size",338,"(size)",false,"GraphMatrix.identity","identity","GraphMatrix","{}",1,"GraphMatrix -> Matrix","[""size""]","Matrix","docstring","(size)",18,"GraphMatrix","GraphMatrix",20
compressed_text,238,"()",false,"SubgraphArray.edges_table","edges_table","SubgraphArray","{}",0,"SubgraphArray -> TableArray","[]","TableArray","test_execution","()",37,"SubgraphArray","SubgraphArray",39
"Check whether the matrix contains any rows or columns",340,"()",false,"GraphMatrix.is_empty","is_empty","GraphMatrix","{}",0,"GraphMatrix -> bool","[]","bool","test_execution","()",18,"GraphMatrix","GraphMatrix",47
"Check if the array is empty",253,"()",false,"TableArray.is_empty","is_empty","TableArray","{}",0,"TableArray -> bool","[]","bool","test_execution","()",39,"TableArray","TableArray",47
"Check whether both node and edge tables are empty",122,"()",false,"GraphTable.is_empty","is_empty","GraphTable","{}",0,"GraphTable -> bool","[]","bool","test_execution","()",19,"GraphTable","GraphTable",47
compressed_text,381,"(reps)",false,"GraphMatrix.tile","tile","GraphMatrix","{}",1,"GraphMatrix -> float","[""reps""]","float","docstring","(reps)",18,"GraphMatrix","GraphMatrix",50
compressed_text,457,"(column)",false,"BaseTable.median","median","BaseTable","{}",1,"BaseTable -> Median","[""column""]","Median","docstring","(column)",2,"BaseTable","BaseTable",21
compressed_text,458,"(value_vars, var_name, value_name)",false,"BaseTable.melt","melt","BaseTable","{}",3,"BaseTable -> Unpivoted","[""value_vars""]","Unpivoted","docstring","(value_vars, var_name=None, value_name=None)",2,"BaseTable","BaseTable",44
compressed_text,384,"()",false,"GraphMatrix.to_dict","to_dict","GraphMatrix","{}",0,"GraphMatrix -> dict","[]","dict","test_execution","()",18,"GraphMatrix","GraphMatrix",49
compressed_text,436,"(predicate)",false,"BaseTable.filter","filter","BaseTable","{}",1,"BaseTable -> BaseTable","[""predicate""]","BaseTable","test_execution","(predicate)",2,"BaseTable","BaseTable",2
compressed_text,469,"(column, q, interpolation)",false,"BaseTable.quantile","quantile","BaseTable","{}",3,"BaseTable -> list","[""column"", ""q""]","list","docstring","(column, q, interpolation=None)",2,"BaseTable","BaseTable",52
"Direct delegation: Apply neighborhood() to each component and return PySubgraphArray",399,"()",false,"ComponentsArray.neighborhood","neighborhood","ComponentsArray","{}",0,"ComponentsArray -> SubgraphArray","[]","SubgraphArray","test_execution","()",6,"ComponentsArray","ComponentsArray",37
compressed_text,147,"()",false,"NodesTable.interactive","interactive","NodesTable","{}",0,"NodesTable -> str","[]","str","test_execution","()",27,"NodesTable","NodesTable",54
"Check if a node exists in the graph - DELEGATED",48,"(node_id)",false,"Graph.has_node","has_node","Graph","{}",1,"Graph -> Graph","[""node_id""]","Graph","docstring","(node_id)",14,"Graph","Graph",14
"Get a single node attribute value",279,"(node_id, attr_name)",false,"Subgraph.get_node_attribute","get_node_attribute","Subgraph","{}",2,"Subgraph -> Unknown","[""node_id"", ""attr_name""]","Unknown","unknown","(node_id, attr_name)",36,"Subgraph","Subgraph",43
"Check if there are uncommitted changes (FFI wrapper around core history system)",51,"()",false,"Graph.has_uncommitted_changes","has_uncommitted_changes","Graph","{}",0,"Graph -> bool","[]","bool","test_execution","()",14,"Graph","Graph",47
"Find the maximum value",224,"()",false,"NumArray.max","max","NumArray","{}",0,"NumArray -> float","[]","float","test_execution","()",31,"NumArray","NumArray",50
"Convert uppercase characters to lowercase and lowercase characters to uppercase.",532,"()",false,"AttrName.swapcase","swapcase","AttrName","{}",0,"AttrName -> str","[]","str","test_execution","()",0,"AttrName","AttrName",54
"Create induced subgraph from list of nodes.",55,"(nodes)",false,"Graph.induced_subgraph","induced_subgraph","Graph","{}",1,"Graph -> list","[""nodes""]","list","docstring","(nodes)",14,"Graph","Graph",52
compressed_text,326,"(condition)",false,"GraphMatrix.filter","filter","GraphMatrix","{}",1,"GraphMatrix -> GraphMatrix","[""condition""]","GraphMatrix","test_execution","(condition)",18,"GraphMatrix","GraphMatrix",18
"Get source node IDs",197,"()",false,"EdgesTable.sources","sources","EdgesTable","{}",0,"EdgesTable -> NumArray","[]","NumArray","test_execution","()",12,"EdgesTable","EdgesTable",31
"Get neighbors of a node within the subgraph",294,"(node_id)",false,"Subgraph.neighbors","neighbors","Subgraph","{}",1,"Subgraph -> Subgraph","[""node_id""]","Subgraph","docstring","(node_id)",36,"Subgraph","Subgraph",36
compressed_text,412,"(func, result_name)",false,"BaseTable.apply_to_rows","apply_to_rows","BaseTable","{}",2,"BaseTable -> int","[""func""]","int","docstring","(func, result_name=None)",2,"BaseTable","BaseTable",51
"Auto-assign edge IDs for null values (useful for meta nodes and imported data)",118,"()",false,"GraphTable.auto_assign_edge_ids","auto_assign_edge_ids","GraphTable","{}",0,"GraphTable -> GraphTable","[]","GraphTable","test_execution","()",19,"GraphTable","GraphTable",19
"Return a copy of the string converted to lowercase.",519,"()",false,"AttrName.lower","lower","AttrName","{}",0,"AttrName -> str","[]","str","test_execution","()",0,"AttrName","AttrName",54
"Get historical view at specific commit (FFI wrapper around core history system)",53,"(commit_id)",false,"Graph.historical_view","historical_view","Graph","{}",1,"Graph -> Commit","[""commit_id""]","Commit","docstring","(commit_id)",14,"Graph","Graph",5
"Maximum along specified axis (0=rows, 1=columns)",348,"(axis)",false,"GraphMatrix.max_axis","max_axis","GraphMatrix","{}",1,"GraphMatrix -> Unknown","[""axis""]","Unknown","unknown","(axis)",18,"GraphMatrix","GraphMatrix",43
"Check if this subgraph contains nodes that are meta-nodes",283,"()",false,"Subgraph.has_meta_nodes","has_meta_nodes","Subgraph","{}",0,"Subgraph -> bool","[]","bool","test_execution","()",36,"Subgraph","Subgraph",47
compressed_text,580,"()",false,"NodeId.bit_length","bit_length","NodeId","{}",0,"NodeId -> int","[]","int","test_execution","()",23,"NodeId","NodeId",51
"Get column as raw BaseArray (always returns BaseArray regardless of type)",442,"(column_name)",false,"BaseTable.get_column_raw","get_column_raw","BaseTable","{}",1,"BaseTable -> BaseArray","[""column_name""]","BaseArray","test_execution","(column_name)",2,"BaseTable","BaseTable",1
"Get child meta-nodes - delegates via Python.",15,"()",false,"Graph.child_meta_nodes","child_meta_nodes","Graph","{}",0,"Graph -> list","[]","list","test_execution","()",14,"Graph","Graph",52
"ReLU activation applied to matrix
Implements: matrix.relu()",362,"()",false,"GraphMatrix.relu","relu","GraphMatrix","{}",0,"GraphMatrix -> GraphMatrix","[]","GraphMatrix","test_execution","()",18,"GraphMatrix","GraphMatrix",18
"Check if the graph is connected (delegates to subgraph implementation)",57,"()",false,"Graph.is_connected","is_connected","Graph","{}",0,"Graph -> bool","[]","bool","test_execution","()",14,"Graph","Graph",47
"Element-wise exponential (e^x)",325,"()",false,"GraphMatrix.exp","exp","GraphMatrix","{}",0,"GraphMatrix -> GraphMatrix","[]","GraphMatrix","test_execution","()",18,"GraphMatrix","GraphMatrix",18
compressed_text,43,"(attribute, aggregation_attr, operation)",false,"Graph.group_nodes_by_attribute","group_nodes_by_attribute","Graph","{}",3,"Graph -> Graph","[""attribute"", ""aggregation_attr"", ""operation""]","Graph","docstring","(attribute, aggregation_attr, operation)",14,"Graph","Graph",14
"Check if the array is empty",241,"()",false,"SubgraphArray.is_empty","is_empty","SubgraphArray","{}",0,"SubgraphArray -> bool","[]","bool","test_execution","()",37,"SubgraphArray","SubgraphArray",47
"Create a zero matrix with specified dimensions and type",395,"(rows, cols, dtype)",false,"GraphMatrix.zeros","zeros","GraphMatrix","{}",3,"GraphMatrix -> Matrix","[""rows"", ""cols""]","Matrix","docstring","(rows, cols, dtype=None)",18,"GraphMatrix","GraphMatrix",20
"Checkout a branch (FFI wrapper around core history system)",14,"(branch_name)",false,"Graph.checkout_branch","checkout_branch","Graph","{}",1,"Graph -> Unknown","[""branch_name""]","Unknown","unknown","(branch_name)",14,"Graph","Graph",43
compressed_text,445,"(group_cols, agg_specs)",false,"BaseTable.group_by_agg","group_by_agg","BaseTable","{}",2,"BaseTable -> dict","[""group_cols"", ""agg_specs""]","dict","docstring","(group_cols, agg_specs)",2,"BaseTable","BaseTable",49
compressed_text,578,"(length, byteorder, signed)",false,"EdgeId.to_bytes","to_bytes","EdgeId","{}",3,"EdgeId -> list","[""length"", ""byteorder""]","list","docstring","(length, byteorder, *, signed=False)",9,"EdgeId","EdgeId",52
"Set multiple edge attributes (bulk operation) - delegates to accessor  ",300,"(attrs_dict)",false,"Subgraph.set_edge_attrs","set_edge_attrs","Subgraph","{}",1,"Subgraph -> Unknown","[""attrs_dict""]","Unknown","unknown","(attrs_dict)",36,"Subgraph","Subgraph",43
"Get number of columns",189,"()",false,"EdgesTable.ncols","ncols","EdgesTable","{}",0,"EdgesTable -> int","[]","int","test_execution","()",12,"EdgesTable","EdgesTable",51
compressed_text,420,"(col1, col2, ddof)",false,"BaseTable.cov_columns","cov_columns","BaseTable","{}",3,"BaseTable -> float","[""col1"", ""col2""]","float","docstring","(col1, col2, ddof=None)",2,"BaseTable","BaseTable",50
compressed_text,565,"(chars)",false,"BranchName.rstrip","rstrip","BranchName","{}",1,"BranchName -> str","[]","str","test_execution","(chars=None, /)",4,"BranchName","BranchName",54
"Set bulk edge attributes - delegates to PyGraphAttrMut",78,"(attrs_dict)",false,"Graph.set_edge_attrs","set_edge_attrs","Graph","{}",1,"Graph -> GraphAttrMut","[""attrs_dict""]","GraphAttrMut","docstring","(attrs_dict)",14,"Graph","Graph",17
"",4,"(data, uid_key)",false,"Graph.add_nodes","add_nodes","Graph","{}",2,"Graph -> Unknown","[""data""]","Unknown","unknown","(data, uid_key=None)",14,"Graph","Graph",43
compressed_text,182,"(columns)",false,"EdgesTable.group_by","group_by","EdgesTable","{}",1,"EdgesTable -> list","[""columns""]","list","docstring","(columns)",12,"EdgesTable","EdgesTable",52
"Convert to a new independent graph",308,"()",false,"Subgraph.to_graph","to_graph","Subgraph","{}",0,"Subgraph -> Graph","[]","Graph","test_execution","()",36,"Subgraph","Subgraph",14
"Get neighbors of nodes - delegates to PyGraphAnalysis helper",63,"(nodes)",false,"Graph.neighbors","neighbors","Graph","{}",1,"Graph -> GraphAnalysis","[]","GraphAnalysis","docstring","(nodes=None)",14,"Graph","Graph",15
compressed_text,365,"(new_rows, new_cols)",false,"GraphMatrix.reshape","reshape","GraphMatrix","{}",2,"GraphMatrix -> Matrix","[""new_rows"", ""new_cols""]","Matrix","docstring","(new_rows, new_cols)",18,"GraphMatrix","GraphMatrix",20
compressed_text,517,"(iterable)",false,"AttrName.join","join","AttrName","{}",1,"AttrName -> str","[""iterable""]","str","docstring","(iterable, /)",0,"AttrName","AttrName",54
"Get the number of edges in the graph - DELEGATED",28,"()",false,"Graph.edge_count","edge_count","Graph","{}",0,"Graph -> int","[]","int","test_execution","()",14,"Graph","Graph",51
compressed_text,438,"(data)",false,"BaseTable.from_dict","from_dict","BaseTable","{}",1,"BaseTable -> dict","[""data""]","dict","docstring","(data)",2,"BaseTable","BaseTable",49
"Create matrix from graph attributes",331,"(_graph, _attrs, _entities)",false,"GraphMatrix.from_graph_attributes","from_graph_attributes","GraphMatrix","{}",3,"GraphMatrix -> Graph","[""_graph"", ""_attrs"", ""_entities""]","Graph","docstring","(_graph, _attrs, _entities)",18,"GraphMatrix","GraphMatrix",14
"Get hierarchy level - delegates via Python.",52,"()",false,"Graph.hierarchy_level","hierarchy_level","Graph","{}",0,"Graph -> Unknown","[]","Unknown","unknown","()",14,"Graph","Graph",43
"Set single edge attribute - delegates to PyGraphAttrMut",77,"(edge, attr, value)",false,"Graph.set_edge_attr","set_edge_attr","Graph","{}",3,"Graph -> GraphAttrMut","[""edge"", ""attr"", ""value""]","GraphAttrMut","docstring","(edge, attr, value)",14,"Graph","Graph",17
compressed_text,485,"(column, ascending)",false,"BaseTable.sort_by","sort_by","BaseTable","{}",2,"BaseTable -> BaseTable","[""column""]","BaseTable","docstring","(column, ascending=True)",2,"BaseTable","BaseTable",2
compressed_text,464,"(column, periods)",false,"BaseTable.pct_change","pct_change","BaseTable","{}",2,"BaseTable -> float","[""column""]","float","docstring","(column, periods=None)",2,"BaseTable","BaseTable",50
compressed_text,562,"(width, fillchar)",false,"BranchName.rjust","rjust","BranchName","{}",2,"BranchName -> str","[""width""]","str","docstring","(width, fillchar=' ', /)",4,"BranchName","BranchName",54
"Determinant calculation (for square matrices)",320,"()",false,"GraphMatrix.determinant","determinant","GraphMatrix","{}",0,"GraphMatrix -> Unknown","[]","Unknown","unknown","()",18,"GraphMatrix","GraphMatrix",43
compressed_text,571,"(table)",false,"BranchName.translate","translate","BranchName","{}",1,"BranchName -> dict","[""table""]","dict","docstring","(table, /)",4,"BranchName","BranchName",49
"Set single node attribute - delegates to PyGraphAttrMut",79,"(node, attr, value)",false,"Graph.set_node_attr","set_node_attr","Graph","{}",3,"Graph -> GraphAttrMut","[""node"", ""attr"", ""value""]","GraphAttrMut","docstring","(node, attr, value)",14,"Graph","Graph",17
"Get largest component without materializing others",398,"()",false,"ComponentsArray.largest_component","largest_component","ComponentsArray","{}",0,"ComponentsArray -> Subgraph","[]","Subgraph","test_execution","()",6,"ComponentsArray","ComponentsArray",36
compressed_text,424,"()",false,"BaseTable.describe","describe","BaseTable","{}",0,"BaseTable -> BaseTable","[]","BaseTable","test_execution","()",2,"BaseTable","BaseTable",2
compressed_text,361,"()",false,"GraphMatrix.rank","rank","GraphMatrix","{}",0,"GraphMatrix -> int","[]","int","test_execution","()",18,"GraphMatrix","GraphMatrix",51
"Convert uppercase characters to lowercase and lowercase characters to uppercase.",569,"()",false,"BranchName.swapcase","swapcase","BranchName","{}",0,"BranchName -> str","[]","str","test_execution","()",4,"BranchName","BranchName",54
"Check if edge exists - DELEGATED (same as has_edge)  ",21,"(edge)",false,"Graph.contains_edge","contains_edge","Graph","{}",1,"Graph -> Unknown","[""edge""]","Unknown","unknown","(edge)",14,"Graph","Graph",43
compressed_text,222,"()",false,"NumArray.isna","isna","NumArray","{}",0,"NumArray -> NumArray","[]","NumArray","test_execution","()",31,"NumArray","NumArray",31
compressed_text,297,"()",false,"Subgraph.parent_meta_node","parent_meta_node","Subgraph","{}",0,"Subgraph -> NoneType","[]","NoneType","test_execution","()",36,"Subgraph","Subgraph",30
"Get component sizes without materializing subgraphs",401,"()",false,"ComponentsArray.sizes","sizes","ComponentsArray","{}",0,"ComponentsArray -> list","[]","list","test_execution","()",6,"ComponentsArray","ComponentsArray",52
compressed_text,432,"(rows_data)",false,"BaseTable.extend","extend","BaseTable","{}",1,"BaseTable -> list","[""rows_data""]","list","docstring","(rows_data)",2,"BaseTable","BaseTable",52
compressed_text,461,"(n, column_name)",false,"BaseTable.nsmallest","nsmallest","BaseTable","{}",2,"BaseTable -> float","[""n"", ""column_name""]","float","docstring","(n, column_name)",2,"BaseTable","BaseTable",50
"Get edge attribute - delegates via Python.",36,"(edge_id, attr_name)",false,"Graph.get_edge_attribute","get_edge_attribute","Graph","{}",2,"Graph -> Unknown","[""edge_id"", ""attr_name""]","Unknown","unknown","(edge_id, attr_name)",14,"Graph","Graph",43
"Import BaseTable from JSON file",439,"(path)",false,"BaseTable.from_json","from_json","BaseTable","{}",1,"BaseTable -> BaseTable","[""path""]","BaseTable","docstring","(path)",2,"BaseTable","BaseTable",2
"Tanh activation applied to matrix
Implements: matrix.tanh()",380,"()",false,"GraphMatrix.tanh","tanh","GraphMatrix","{}",0,"GraphMatrix -> GraphMatrix","[]","GraphMatrix","test_execution","()",18,"GraphMatrix","GraphMatrix",18
compressed_text,102,"(node_id)",false,"NodesAccessor.get_meta_node","get_meta_node","NodesAccessor","{}",1,"NodesAccessor -> Subgraph","[""node_id""]","Subgraph","docstring","(node_id)",24,"NodesAccessor","NodesAccessor",36
compressed_text,186,"(port, layout, theme, width, height)",false,"EdgesTable.interactive_viz","interactive_viz","EdgesTable","{}",5,"EdgesTable -> VizAccessor","[]","VizAccessor","test_execution","(port=None, layout=None, theme=None, width=None, height=None)",12,"EdgesTable","EdgesTable",46
"Create subgraph from list of edges",303,"(edges)",false,"Subgraph.subgraph_from_edges","subgraph_from_edges","Subgraph","{}",1,"Subgraph -> list","[""edges""]","list","docstring","(edges)",36,"Subgraph","Subgraph",52
"Check whether the table contains any rows",452,"()",false,"BaseTable.is_empty","is_empty","BaseTable","{}",0,"BaseTable -> bool","[]","bool","test_execution","()",2,"BaseTable","BaseTable",47
compressed_text,145,"(columns)",false,"NodesTable.group_by","group_by","NodesTable","{}",1,"NodesTable -> NodesTableArray","[""columns""]","NodesTableArray","test_execution","(columns)",27,"NodesTable","NodesTable",28
"Export NodesTable to JSON file",164,"(path)",false,"NodesTable.to_json","to_json","NodesTable","{}",1,"NodesTable -> NoneType","[""path""]","NoneType","test_execution","(path)",27,"NodesTable","NodesTable",30
"Convert to regular Python list (materializes all components)",403,"()",false,"ComponentsArray.to_list","to_list","ComponentsArray","{}",0,"ComponentsArray -> list","[]","list","test_execution","()",6,"ComponentsArray","ComponentsArray",52
compressed_text,406,"(agg_specs)",false,"BaseTable.agg","agg","BaseTable","{}",1,"BaseTable -> dict","[""agg_specs""]","dict","docstring","(agg_specs)",2,"BaseTable","BaseTable",49
"Check if the table contains any null values",449,"()",false,"BaseTable.has_nulls","has_nulls","BaseTable","{}",0,"BaseTable -> bool","[]","bool","test_execution","()",2,"BaseTable","BaseTable",47
"Create DisplayConfig with default values",574,"()",false,"DisplayConfig.default","default","DisplayConfig","{}",0,"DisplayConfig -> DisplayConfig","[]","DisplayConfig","test_execution","()",8,"DisplayConfig","DisplayConfig",8
"Collapse each component into a meta-node using the Subgraph collapse API.",396,compressed_text,false,"ComponentsArray.collapse","collapse","ComponentsArray","{}",9,"ComponentsArray -> list","[]","list","test_execution",compressed_text,6,"ComponentsArray","ComponentsArray",52
compressed_text,429,"(subset)",false,"BaseTable.dropna_subset","dropna_subset","BaseTable","{}",1,"BaseTable -> Unknown","[""subset""]","Unknown","unknown","(subset)",2,"BaseTable","BaseTable",43
compressed_text,478,"(columns)",false,"BaseTable.select","select","BaseTable","{}",1,"BaseTable -> list","[""columns""]","list","docstring","(columns)",2,"BaseTable","BaseTable",52
compressed_text,504,"(tabsize)",false,"AttrName.expandtabs","expandtabs","AttrName","{}",1,"AttrName -> str","[]","str","test_execution","(tabsize=8)",0,"AttrName","AttrName",54
compressed_text,428,"()",false,"BaseTable.dropna","dropna","BaseTable","{}",0,"BaseTable -> BaseTable","[]","BaseTable","test_execution","()",2,"BaseTable","BaseTable",2
compressed_text,542,"()",false,"BranchName.isalnum","isalnum","BranchName","{}",0,"BranchName -> bool","[]","bool","test_execution","()",4,"BranchName","BranchName",47
"Get first n rows (primarily from nodes table, default 5)",121,"(n)",false,"GraphTable.head","head","GraphTable","{}",1,"GraphTable -> GraphTable","[]","GraphTable","test_execution","(n=5)",19,"GraphTable","GraphTable",19
"Transpose the matrix",392,"()",false,"GraphMatrix.transpose","transpose","GraphMatrix","{}",0,"GraphMatrix -> GraphMatrix","[]","GraphMatrix","test_execution","()",18,"GraphMatrix","GraphMatrix",18
"Calculate the mean (average)",225,"()",false,"NumArray.mean","mean","NumArray","{}",0,"NumArray -> float","[]","float","test_execution","()",31,"NumArray","NumArray",50
compressed_text,421,"(column)",false,"BaseTable.cummax","cummax","BaseTable","{}",1,"BaseTable -> BaseArray","[""column""]","BaseArray","docstring","(column)",2,"BaseTable","BaseTable",1
"Get single edge attribute - delegates to PyGraphAttr",35,"(edge, attr, default)",false,"Graph.get_edge_attr","get_edge_attr","Graph","{}",3,"Graph -> GraphAttr","[""edge"", ""attr""]","GraphAttr","docstring","(edge, attr, default=None)",14,"Graph","Graph",16
compressed_text,425,"(columns)",false,"BaseTable.drop_columns","drop_columns","BaseTable","{}",1,"BaseTable -> list","[""columns""]","list","docstring","(columns)",2,"BaseTable","BaseTable",52
"Fill null values with a single value for all columns",435,"(fill_value)",false,"BaseTable.fillna_all","fillna_all","BaseTable","{}",1,"BaseTable -> Unknown","[""fill_value""]","Unknown","unknown","(fill_value)",2,"BaseTable","BaseTable",43
compressed_text,484,"(start, end)",false,"BaseTable.slice","slice","BaseTable","{}",2,"BaseTable -> BaseTable","[""start"", ""end""]","BaseTable","docstring","(start, end)",2,"BaseTable","BaseTable",2
"Get shortest path - delegates to PyGraphAnalysis helper",81,"(source, target, weight_attribute, inplace, attr_name)",false,"Graph.shortest_path","shortest_path","Graph","{}",5,"Graph -> GraphAnalysis","[""source"", ""target""]","GraphAnalysis","docstring","(source, target, weight_attribute=None, inplace=None, attr_name=None)",14,"Graph","Graph",15
compressed_text,492,"(node_id_column: str)",false,"BaseTable.to_nodes_table","to_nodes_table","BaseTable","{""node_id_column"": ""str""}",1,"BaseTable -> NodesTable","[]","NodesTable","test_execution","(node_id_column: str = 'node_id') -> groggy.NodesTable",2,"BaseTable","BaseTable",27
"Check whether the array contains the provided value",218,"(item)",false,"NumArray.contains","contains","NumArray","{}",1,"NumArray -> list","[""item""]","list","docstring","(item)",31,"NumArray","NumArray",52
"BFS traversal - delegates to PyGraphAnalysis helper",10,"(start, max_depth, inplace, attr_name)",false,"Graph.bfs","bfs","Graph","{}",4,"Graph -> GraphAnalysis","[""start""]","GraphAnalysis","docstring","(start, max_depth=None, inplace=None, attr_name=None)",14,"Graph","Graph",15
"Build a temporal snapshot at a specific commit.",83,"(commit_id)",false,"Graph.snapshot_at_commit","snapshot_at_commit","Graph","{}",1,"Graph -> Commit","[""commit_id""]","Commit","docstring","(commit_id)",14,"Graph","Graph",5
"Get adjacency matrix (alias for adjacency_matrix)",257,"()",false,"Subgraph.adj","adj","Subgraph","{}",0,"Subgraph -> GraphMatrix","[]","GraphMatrix","test_execution","()",36,"Subgraph","Subgraph",18
"Get adjacency list representation
Returns: Dict mapping node_id -> list of connected node_ids",258,"()",false,"Subgraph.adjacency_list","adjacency_list","Subgraph","{}",0,"Subgraph -> dict","[]","dict","test_execution","()",36,"Subgraph","Subgraph",49
"Minimum along specified axis (0=rows, 1=columns)",352,"(axis)",false,"GraphMatrix.min_axis","min_axis","GraphMatrix","{}",1,"GraphMatrix -> Unknown","[""axis""]","Unknown","unknown","(axis)",18,"GraphMatrix","GraphMatrix",43
"Get commit history (FFI wrapper around core history system)",19,"()",false,"Graph.commit_history","commit_history","Graph","{}",0,"Graph -> list","[]","list","test_execution","()",14,"Graph","Graph",52
"Set single cell value at (row, col)",368,"(row, col, value)",false,"GraphMatrix.set","set","GraphMatrix","{}",3,"GraphMatrix -> Unknown","[""row"", ""col"", ""value""]","Unknown","unknown","(row, col, value)",18,"GraphMatrix","GraphMatrix",43
"Filter edges by attribute value",175,"(attr_name, value)",false,"EdgesTable.filter_by_attr","filter_by_attr","EdgesTable","{}",2,"EdgesTable -> Unknown","[""attr_name"", ""value""]","Unknown","unknown","(attr_name, value)",12,"EdgesTable","EdgesTable",43
compressed_text,500,"()",false,"AttrName.capitalize","capitalize","AttrName","{}",0,"AttrName -> str","[]","str","test_execution","()",0,"AttrName","AttrName",54
"Create iterator for method chaining",254,"()",false,"TableArray.iter","iter","TableArray","{}",0,"TableArray -> TableArrayIterator","[]","TableArrayIterator","test_execution","()",39,"TableArray","TableArray",40
"Add multiple edges at once",1,"(edges, node_mapping, uid_key, source, target, warm_cache)",false,"Graph.add_edges","add_edges","Graph","{}",6,"Graph -> Unknown","[""edges""]","Unknown","unknown","(edges, node_mapping=None, uid_key=None, source=None, target=None, warm_cache=None)",14,"Graph","Graph",43
"Get graph statistics  ",129,"()",false,"GraphTable.stats","stats","GraphTable","{}",0,"GraphTable -> dict","[]","dict","test_execution","()",19,"GraphTable","GraphTable",49
"Get edge IDs",173,"()",false,"EdgesTable.edge_ids","edge_ids","EdgesTable","{}",0,"EdgesTable -> NumArray","[]","NumArray","test_execution","()",12,"EdgesTable","EdgesTable",31
compressed_text,410,"(func, axis, result_name)",false,"BaseTable.apply","apply","BaseTable","{}",3,"BaseTable -> Transformed","[""func""]","Transformed","docstring","(func, axis=None, result_name=None)",2,"BaseTable","BaseTable",42
"Commit current state of the graph (FFI wrapper around core history system)",18,"(message, author)",false,"Graph.commit","commit","Graph","{}",2,"Graph -> Graph","[""message"", ""author""]","Graph","docstring","(message, author)",14,"Graph","Graph",14
compressed_text,411,"(func)",false,"BaseTable.apply_to_columns","apply_to_columns","BaseTable","{}",1,"BaseTable -> BaseTable","[""func""]","BaseTable","test_execution","(func)",2,"BaseTable","BaseTable",2
"Calculate transitivity (not yet implemented in core).",96,"()",false,"Graph.transitivity","transitivity","Graph","{}",0,"Graph -> Unknown","[]","Unknown","unknown","()",14,"Graph","Graph",43
"Get neighbors that existed at any point within a commit range.",65,"(node_id, start_commit, end_commit)",false,"Graph.neighbors_in_window","neighbors_in_window","Graph","{}",3,"Graph -> Commit","[""node_id"", ""start_commit"", ""end_commit""]","Commit","docstring","(node_id, start_commit, end_commit)",14,"Graph","Graph",5
compressed_text,108,"()",false,"EdgesAccessor.all","all","EdgesAccessor","{}",0,"EdgesAccessor -> Subgraph","[]","Subgraph","test_execution","()",10,"EdgesAccessor","EdgesAccessor",36
"Export EdgesTable to JSON file",201,"(path)",false,"EdgesTable.to_json","to_json","EdgesTable","{}",1,"EdgesTable -> NoneType","[""path""]","NoneType","test_execution","(path)",12,"EdgesTable","EdgesTable",30
"Filter edges and return new subgraph",276,"(filter)",false,"Subgraph.filter_edges","filter_edges","Subgraph","{}",1,"Subgraph -> Subgraph","[""filter""]","Subgraph","test_execution","(filter)",36,"Subgraph","Subgraph",36
"SVD decomposition: A = U * Σ * V^T
Returns tuple of (U, singular_values, V_transpose)",379,"()",false,"GraphMatrix.svd","svd","GraphMatrix","{}",0,"GraphMatrix -> tuple","[]","tuple","test_execution","()",18,"GraphMatrix","GraphMatrix",55
compressed_text,417,"(method)",false,"BaseTable.corr","corr","BaseTable","{}",1,"BaseTable -> BaseTable","[]","BaseTable","test_execution","(method=None)",2,"BaseTable","BaseTable",2
"Create induced subgraph from list of nodes",287,"(nodes)",false,"Subgraph.induced_subgraph","induced_subgraph","Subgraph","{}",1,"Subgraph -> list","[""nodes""]","list","docstring","(nodes)",36,"Subgraph","Subgraph",52
"Remove multiple edges from the graph",72,"(edges)",false,"Graph.remove_edges","remove_edges","Graph","{}",1,"Graph -> Graph","[""edges""]","Graph","docstring","(edges)",14,"Graph","Graph",14
compressed_text,269,"(nodes, full_graph)",false,"Subgraph.degree","degree","Subgraph","{}",2,"Subgraph -> NumArray","[]","NumArray","test_execution","(nodes=None, *, full_graph=False)",36,"Subgraph","Subgraph",31
"Get edge endpoints (source, target)",273,"(edge_id)",false,"Subgraph.edge_endpoints","edge_endpoints","Subgraph","{}",1,"Subgraph -> Unknown","[""edge_id""]","Unknown","unknown","(edge_id)",36,"Subgraph","Subgraph",43
"Get adjacency list (not yet implemented).",5,"()",false,"Graph.adjacency_list","adjacency_list","Graph","{}",0,"Graph -> list","[]","list","docstring","()",14,"Graph","Graph",52
"GELU activation applied to matrix
Implements: matrix.gelu()",332,"()",false,"GraphMatrix.gelu","gelu","GraphMatrix","{}",0,"GraphMatrix -> GraphMatrix","[]","GraphMatrix","test_execution","()",18,"GraphMatrix","GraphMatrix",18
"Get out-degree for nodes - delegates via Python method call.",69,"(nodes, full_graph)",false,"Graph.out_degree","out_degree","Graph","{}",2,"Graph -> NumArray","[]","NumArray","test_execution","(nodes=None, *, full_graph=False)",14,"Graph","Graph",31
"Get last n rows (default 5)",162,"(n)",false,"NodesTable.tail","tail","NodesTable","{}",1,"NodesTable -> NodesTable","[]","NodesTable","test_execution","(n=5)",27,"NodesTable","NodesTable",27
"Get node IDs as an IntArray for integer operations
Implements: g.nodes.ids()",104,"()",false,"NodesAccessor.ids","ids","NodesAccessor","{}",0,"NodesAccessor -> NumArray","[]","NumArray","test_execution","()",24,"NodesAccessor","NodesAccessor",31
"Export BaseTable to CSV file",489,"(path)",false,"BaseTable.to_csv","to_csv","BaseTable","{}",1,"BaseTable -> NoneType","[""path""]","NoneType","test_execution","(path)",2,"BaseTable","BaseTable",30
"Return a copy of the string converted to uppercase.",572,"()",false,"BranchName.upper","upper","BranchName","{}",0,"BranchName -> str","[]","str","test_execution","()",4,"BranchName","BranchName",54
compressed_text,539,"(width, fillchar)",false,"BranchName.center","center","BranchName","{}",2,"BranchName -> str","[""width""]","str","docstring","(width, fillchar=' ', /)",4,"BranchName","BranchName",54
"Group nodes by attribute value and compute aggregates (public method for benchmarks)",42,"(attribute, aggregation_attr, operation)",false,"Graph.group_by","group_by","Graph","{}",3,"Graph -> Unknown","[""attribute"", ""aggregation_attr"", ""operation""]","Unknown","unknown","(attribute, aggregation_attr, operation)",14,"Graph","Graph",43
"Get the first NodesAccessor",208,"()",false,"NodesArray.first","first","NodesArray","{}",0,"NodesArray -> NodesAccessor","[]","NodesAccessor","test_execution","()",25,"NodesArray","NodesArray",24
compressed_text,524,"(old, new, count)",false,"AttrName.replace","replace","AttrName","{}",3,"AttrName -> float","[""old"", ""new""]","float","docstring","(old, new, count=-1, /)",0,"AttrName","AttrName",50
compressed_text,196,"(columns, ascending)",false,"EdgesTable.sort_values","sort_values","EdgesTable","{}",2,"EdgesTable -> list","[""columns""]","list","docstring","(columns, ascending=None)",12,"EdgesTable","EdgesTable",52
compressed_text,194,"(start, end)",false,"EdgesTable.slice","slice","EdgesTable","{}",2,"EdgesTable -> EdgesTable","[""start"", ""end""]","EdgesTable","docstring","(start, end)",12,"EdgesTable","EdgesTable",12
"Convert to Pandas DataFrame (when pandas available)",389,"()",false,"GraphMatrix.to_pandas","to_pandas","GraphMatrix","{}",0,"GraphMatrix -> DataFrame","[]","DataFrame","test_execution","()",18,"GraphMatrix","GraphMatrix",7
compressed_text,473,"(new_order)",false,"BaseTable.reorder_columns","reorder_columns","BaseTable","{}",1,"BaseTable -> list","[""new_order""]","list","docstring","(new_order)",2,"BaseTable","BaseTable",52
compressed_text,520,"(chars)",false,"AttrName.lstrip","lstrip","AttrName","{}",1,"AttrName -> str","[]","str","test_execution","(chars=None, /)",0,"AttrName","AttrName",54
compressed_text,583,"()",false,"StateId.as_integer_ratio","as_integer_ratio","StateId","{}",0,"StateId -> tuple","[]","tuple","test_execution","()",35,"StateId","StateId",55
"Remove multiple nodes from the graph",74,"(nodes)",false,"Graph.remove_nodes","remove_nodes","Graph","{}",1,"Graph -> Graph","[""nodes""]","Graph","docstring","(nodes)",14,"Graph","Graph",14
"Calculate density of this subgraph",270,"()",false,"Subgraph.density","density","Subgraph","{}",0,"Subgraph -> float","[]","float","test_execution","()",36,"Subgraph","Subgraph",50
compressed_text,540,"(encoding, errors)",false,"BranchName.encode","encode","BranchName","{}",2,"BranchName -> bytes","[]","bytes","test_execution","(encoding='utf-8', errors='strict')",4,"BranchName","BranchName",48
compressed_text,363,"(repeats, axis)",false,"GraphMatrix.repeat","repeat","GraphMatrix","{}",2,"GraphMatrix -> float","[""repeats"", ""axis""]","float","docstring","(repeats, axis)",18,"GraphMatrix","GraphMatrix",50
"Extract a column from all tables and return as ArrayArray",251,"(column_name)",false,"TableArray.extract_column","extract_column","TableArray","{}",1,"TableArray -> Unknown","[""column_name""]","Unknown","unknown","(column_name)",39,"TableArray","TableArray",43
compressed_text,506,"()",false,"AttrName.isalpha","isalpha","AttrName","{}",0,"AttrName -> bool","[]","bool","test_execution","()",0,"AttrName","AttrName",47
"Convert to pandas DataFrame",202,"()",false,"EdgesTable.to_pandas","to_pandas","EdgesTable","{}",0,"EdgesTable -> DataFrame","[]","DataFrame","test_execution","()",12,"EdgesTable","EdgesTable",7
"Create an iterator for method chaining",211,"()",false,"NodesArray.iter","iter","NodesArray","{}",0,"NodesArray -> NodesArrayIterator","[]","NodesArrayIterator","test_execution","()",25,"NodesArray","NodesArray",26
"Calculate graph density (number of edges / number of possible edges) - PURE DELEGATION",25,"()",false,"Graph.density","density","Graph","{}",0,"Graph -> float","[]","float","test_execution","()",14,"Graph","Graph",50
"Get unique values as a new NumArray",234,"()",false,"NumArray.unique","unique","NumArray","{}",0,"NumArray -> NumArray","[]","NumArray","test_execution","()",31,"NumArray","NumArray",31
compressed_text,534,"(table)",false,"AttrName.translate","translate","AttrName","{}",1,"AttrName -> dict","[""table""]","dict","docstring","(table, /)",0,"AttrName","AttrName",49
"Element-wise square root",373,"()",false,"GraphMatrix.sqrt","sqrt","GraphMatrix","{}",0,"GraphMatrix -> GraphMatrix","[]","GraphMatrix","test_execution","()",18,"GraphMatrix","GraphMatrix",18
compressed_text,495,"(dtype)",false,"BaseTable.to_type","to_type","BaseTable","{}",1,"BaseTable -> float","[""dtype""]","float","docstring","(dtype)",2,"BaseTable","BaseTable",50
"Collect all subgraphs into a Python list (for compatibility with iterator patterns)",237,"()",false,"SubgraphArray.collect","collect","SubgraphArray","{}",0,"SubgraphArray -> list","[]","list","test_execution","()",37,"SubgraphArray","SubgraphArray",52
compressed_text,521,"(sep)",false,"AttrName.partition","partition","AttrName","{}",1,"AttrName -> str","[""sep""]","str","docstring","(sep, /)",0,"AttrName","AttrName",54
"Check whether the graph contains any nodes or edges",58,"()",false,"Graph.is_empty","is_empty","Graph","{}",0,"Graph -> bool","[]","bool","test_execution","()",14,"Graph","Graph",47
"BFS traversal - returns subgraph result",261,"(start, max_depth)",false,"Subgraph.bfs","bfs","Subgraph","{}",2,"Subgraph -> Subgraph","[""start""]","Subgraph","docstring","(start, max_depth=None)",36,"Subgraph","Subgraph",36
"Import EdgesTable from Parquet file (must contain edge_id, source, target columns)",181,"(path)",false,"EdgesTable.from_parquet","from_parquet","EdgesTable","{}",1,"EdgesTable -> EdgesTable","[""path""]","EdgesTable","docstring","(path)",12,"EdgesTable","EdgesTable",12
compressed_text,309,"()",false,"Subgraph.to_matrix","to_matrix","Subgraph","{}",0,"Subgraph -> GraphMatrix","[]","GraphMatrix","test_execution","()",36,"Subgraph","Subgraph",18
compressed_text,446,"(by)",false,"BaseTable.groupby","groupby","BaseTable","{}",1,"BaseTable -> list","[""by""]","list","docstring","(by)",2,"BaseTable","BaseTable",52
compressed_text,564,"(sep, maxsplit)",false,"BranchName.rsplit","rsplit","BranchName","{}",2,"BranchName -> list","[]","list","test_execution","(sep=None, maxsplit=-1)",4,"BranchName","BranchName",52
compressed_text,545,"()",false,"BranchName.isdecimal","isdecimal","BranchName","{}",0,"BranchName -> bool","[]","bool","test_execution","()",4,"BranchName","BranchName",47
compressed_text,507,"()",false,"AttrName.isascii","isascii","AttrName","{}",0,"AttrName -> bool","[]","bool","test_execution","()",0,"AttrName","AttrName",47
"Get all unique node attribute names across the entire graph",8,"()",false,"Graph.all_node_attribute_names","all_node_attribute_names","Graph","{}",0,"Graph -> list","[]","list","test_execution","()",14,"Graph","Graph",52
compressed_text,94,"()",false,"Graph.to_subgraph","to_subgraph","Graph","{}",0,"Graph -> Subgraph","[]","Subgraph","test_execution","()",14,"Graph","Graph",36
"Sigmoid activation applied to matrix
Implements: matrix.sigmoid()",369,"()",false,"GraphMatrix.sigmoid","sigmoid","GraphMatrix","{}",0,"GraphMatrix -> GraphMatrix","[]","GraphMatrix","test_execution","()",18,"GraphMatrix","GraphMatrix",18
"",288,"(_other)",false,"Subgraph.intersect_with","intersect_with","Subgraph","{}",1,"Subgraph -> Unknown","[""_other""]","Unknown","unknown","(_other)",36,"Subgraph","Subgraph",43
"Convert table to EdgesAccessor by extracting edge IDs from the table",131,"()",false,"GraphTable.to_edges","to_edges","GraphTable","{}",0,"GraphTable -> EdgesAccessor","[]","EdgesAccessor","docstring","()",19,"GraphTable","GraphTable",10
"Get number of rows",155,"()",false,"NodesTable.nrows","nrows","NodesTable","{}",0,"NodesTable -> int","[]","int","test_execution","()",27,"NodesTable","NodesTable",51
compressed_text,345,"()",false,"GraphMatrix.lu_decomposition","lu_decomposition","GraphMatrix","{}",0,"GraphMatrix -> Unknown","[]","Unknown","unknown","()",18,"GraphMatrix","GraphMatrix",43
"Mean along specified axis (0=rows, 1=columns)",350,"(axis)",false,"GraphMatrix.mean_axis","mean_axis","GraphMatrix","{}",1,"GraphMatrix -> Unknown","[""axis""]","Unknown","unknown","(axis)",18,"GraphMatrix","GraphMatrix",43
compressed_text,184,"()",false,"EdgesTable.interactive","interactive","EdgesTable","{}",0,"EdgesTable -> str","[]","str","test_execution","()",12,"EdgesTable","EdgesTable",54
compressed_text,160,"(column, ascending)",false,"NodesTable.sort_by","sort_by","NodesTable","{}",2,"NodesTable -> NodesTable","[""column""]","NodesTable","docstring","(column, ascending=True)",27,"NodesTable","NodesTable",27
compressed_text,476,"(window, operation)",false,"BaseTable.rolling_all","rolling_all","BaseTable","{}",2,"BaseTable -> float","[""window"", ""operation""]","float","docstring","(window, operation)",2,"BaseTable","BaseTable",50
"Get edge IDs as a NumArray for numerical operations
Implements: g.edges.ids()",113,"()",false,"EdgesAccessor.ids","ids","EdgesAccessor","{}",0,"EdgesAccessor -> NumArray","[]","NumArray","test_execution","()",10,"EdgesAccessor","EdgesAccessor",31
"Export EdgesTable to CSV file",200,"(path)",false,"EdgesTable.to_csv","to_csv","EdgesTable","{}",1,"EdgesTable -> NoneType","[""path""]","NoneType","test_execution","(path)",12,"EdgesTable","EdgesTable",30
"Global maximum value in the matrix",347,"()",false,"GraphMatrix.max","max","GraphMatrix","{}",0,"GraphMatrix -> float","[]","float","test_execution","()",18,"GraphMatrix","GraphMatrix",50
compressed_text,413,"(updates)",false,"BaseTable.assign","assign","BaseTable","{}",1,"BaseTable -> dict","[""updates""]","dict","docstring","(updates)",2,"BaseTable","BaseTable",49
compressed_text,547,"()",false,"BranchName.isidentifier","isidentifier","BranchName","{}",0,"BranchName -> bool","[]","bool","test_execution","()",4,"BranchName","BranchName",47
"Convert to NodesAccessor - delegates via Python.",93,"()",false,"Graph.to_nodes","to_nodes","Graph","{}",0,"Graph -> NodesAccessor","[]","NodesAccessor","test_execution","()",14,"Graph","Graph",24
compressed_text,416,"()",false,"BaseTable.column_info","column_info","BaseTable","{}",0,"BaseTable -> dict","[]","dict","test_execution","()",2,"BaseTable","BaseTable",49
"Export BaseTable to Parquet file",494,"(path)",false,"BaseTable.to_parquet","to_parquet","BaseTable","{}",1,"BaseTable -> BaseTable","[""path""]","BaseTable","docstring","(path)",2,"BaseTable","BaseTable",2
"Find connected components in the graph.",20,"()",false,"Graph.connected_components","connected_components","Graph","{}",0,"Graph -> ComponentsArray","[]","ComponentsArray","test_execution","()",14,"Graph","Graph",6
"Get degree matrix from adjacency matrix",383,"()",false,"GraphMatrix.to_degree_matrix","to_degree_matrix","GraphMatrix","{}",0,"GraphMatrix -> Matrix","[]","Matrix","docstring","()",18,"GraphMatrix","GraphMatrix",20
"Count null values in each column
Returns a dictionary with column names and their null counts",462,"()",false,"BaseTable.null_counts","null_counts","BaseTable","{}",0,"BaseTable -> dict","[]","dict","test_execution","()",2,"BaseTable","BaseTable",49
"Check if this subgraph is connected",289,"()",false,"Subgraph.is_connected","is_connected","Subgraph","{}",0,"Subgraph -> bool","[]","bool","test_execution","()",36,"Subgraph","Subgraph",47
compressed_text,407,"(agg_specs)",false,"BaseTable.aggregate","aggregate","BaseTable","{}",1,"BaseTable -> dict","[""agg_specs""]","dict","docstring","(agg_specs)",2,"BaseTable","BaseTable",49
"Get entire row as BaseArray (mixed types) or NumArray (if all numerical)",337,"(row)",false,"GraphMatrix.get_row","get_row","GraphMatrix","{}",1,"GraphMatrix -> BaseArray","[""row""]","BaseArray","docstring","(row)",18,"GraphMatrix","GraphMatrix",1
"Get first n rows (default 5)",146,"(n)",false,"NodesTable.head","head","NodesTable","{}",1,"NodesTable -> NodesTable","[]","NodesTable","test_execution","(n=5)",27,"NodesTable","NodesTable",27
"Set bulk node attributes - delegates to PyGraphAttrMut",80,"(attrs_dict)",false,"Graph.set_node_attrs","set_node_attrs","Graph","{}",1,"Graph -> GraphAttrMut","[""attrs_dict""]","GraphAttrMut","docstring","(attrs_dict)",14,"Graph","Graph",17
"Convert this graph to a NetworkX graph.",92,"(directed: bool, include_attributes: bool)",false,"Graph.to_networkx","to_networkx","Graph","{""directed"": ""bool"", ""include_attributes"": ""bool""}",2,"Graph -> Graph","[]","Graph","test_execution","(directed: bool = False, include_attributes: bool = True)",14,"Graph","Graph",14
compressed_text,503,"(encoding, errors)",false,"AttrName.encode","encode","AttrName","{}",2,"AttrName -> bytes","[]","bytes","test_execution","(encoding='utf-8', errors='strict')",0,"AttrName","AttrName",48
"Cholesky decomposition: A = L * L^T
Returns L (lower triangular) for positive definite matrices",316,"()",false,"GraphMatrix.cholesky_decomposition","cholesky_decomposition","GraphMatrix","{}",0,"GraphMatrix -> Unknown","[]","Unknown","unknown","()",18,"GraphMatrix","GraphMatrix",43
"Import EdgesTable from JSON file (must contain edge_id, source, target columns)",180,"(path)",false,"EdgesTable.from_json","from_json","EdgesTable","{}",1,"EdgesTable -> EdgesTable","[""path""]","EdgesTable","docstring","(path)",12,"EdgesTable","EdgesTable",12
"Get all meta-nodes within this subgraph",292,"()",false,"Subgraph.meta_nodes","meta_nodes","Subgraph","{}",0,"Subgraph -> list","[]","list","test_execution","()",36,"Subgraph","Subgraph",52
compressed_text,518,"(width, fillchar)",false,"AttrName.ljust","ljust","AttrName","{}",2,"AttrName -> str","[""width""]","str","docstring","(width, fillchar=' ', /)",0,"AttrName","AttrName",54
"Check if path exists between two nodes.",50,"(source, target)",false,"Graph.has_path","has_path","Graph","{}",2,"Graph -> Unknown","[""source"", ""target""]","Unknown","unknown","(source, target)",14,"Graph","Graph",43
"Get parent meta-node - delegates via Python.",70,"()",false,"Graph.parent_meta_node","parent_meta_node","Graph","{}",0,"Graph -> NoneType","[]","NoneType","test_execution","()",14,"Graph","Graph",30
"Concatenate matrices along specified axis",317,"(other, axis)",false,"GraphMatrix.concatenate","concatenate","GraphMatrix","{}",2,"GraphMatrix -> Unknown","[""other"", ""axis""]","Unknown","unknown","(other, axis)",18,"GraphMatrix","GraphMatrix",43
"Remove a single edge from the graph",71,"(edge)",false,"Graph.remove_edge","remove_edge","Graph","{}",1,"Graph -> Graph","[""edge""]","Graph","docstring","(edge)",14,"Graph","Graph",14
compressed_text,405,"(suffix)",false,"BaseTable.add_suffix","add_suffix","BaseTable","{}",1,"BaseTable -> str","[""suffix""]","str","docstring","(suffix)",2,"BaseTable","BaseTable",54
"Get edges table - delegates via Python.",30,"()",false,"Graph.edges_table","edges_table","Graph","{}",0,"Graph -> EdgesTable","[]","EdgesTable","test_execution","()",14,"Graph","Graph",12
"DFS traversal - delegates to PyGraphAnalysis helper  ",26,"(start, max_depth, inplace, attr_name)",false,"Graph.dfs","dfs","Graph","{}",4,"Graph -> GraphAnalysis","[""start""]","GraphAnalysis","docstring","(start, max_depth=None, inplace=None, attr_name=None)",14,"Graph","Graph",15
"Intersect with another subgraph (not yet implemented).",56,"(other)",false,"Graph.intersect_with","intersect_with","Graph","{}",1,"Graph -> Subgraph","[""other""]","Subgraph","docstring","(other)",14,"Graph","Graph",36
"Get last n rows (default 5)",198,"(n)",false,"EdgesTable.tail","tail","EdgesTable","{}",1,"EdgesTable -> EdgesTable","[]","EdgesTable","test_execution","(n=5)",12,"EdgesTable","EdgesTable",12
compressed_text,486,"(columns, ascending)",false,"BaseTable.sort_values","sort_values","BaseTable","{}",2,"BaseTable -> list","[""columns""]","list","docstring","(columns, ascending=None)",2,"BaseTable","BaseTable",52
compressed_text,33,"(filter)",false,"Graph.filter_edges","filter_edges","Graph","{}",1,"Graph -> str","[""filter""]","str","docstring","(filter)",14,"Graph","Graph",54
compressed_text,106,"(attrs_dict)",false,"NodesAccessor.set_attrs","set_attrs","NodesAccessor","{}",1,"NodesAccessor -> Graph","[""attrs_dict""]","Graph","docstring","(attrs_dict)",24,"NodesAccessor","NodesAccessor",14
"Get last element  ",223,"()",false,"NumArray.last","last","NumArray","{}",0,"NumArray -> int","[]","int","test_execution","()",31,"NumArray","NumArray",51
"Collapse each subgraph using the Subgraph.collapse API and materialize meta-nodes.",236,compressed_text,false,"SubgraphArray.collapse","collapse","SubgraphArray","{}",9,"SubgraphArray -> list","[]","list","test_execution",compressed_text,37,"SubgraphArray","SubgraphArray",52
"Get unique values for an attribute",167,"(attr_name)",false,"NodesTable.unique_attr_values","unique_attr_values","NodesTable","{}",1,"NodesTable -> Unknown","[""attr_name""]","Unknown","unknown","(attr_name)",27,"NodesTable","NodesTable",43
"ELU (Exponential Linear Unit) activation function",324,"(alpha)",false,"GraphMatrix.elu","elu","GraphMatrix","{}",1,"GraphMatrix -> GraphMatrix","[]","GraphMatrix","test_execution","(alpha=None)",18,"GraphMatrix","GraphMatrix",18
"",304,"(_other)",false,"Subgraph.subtract_from","subtract_from","Subgraph","{}",1,"Subgraph -> Unknown","[""_other""]","Unknown","unknown","(_other)",36,"Subgraph","Subgraph",43
"Extract a node attribute from all subgraphs and return as ArrayArray",239,"(attr_name)",false,"SubgraphArray.extract_node_attribute","extract_node_attribute","SubgraphArray","{}",1,"SubgraphArray -> Unknown","[""attr_name""]","Unknown","unknown","(attr_name)",37,"SubgraphArray","SubgraphArray",43
compressed_text,513,"()",false,"AttrName.isprintable","isprintable","AttrName","{}",0,"AttrName -> bool","[]","bool","test_execution","()",0,"AttrName","AttrName",47
"Convert to different numeric type",233,"(dtype)",false,"NumArray.to_type","to_type","NumArray","{}",1,"NumArray -> float","[""dtype""]","float","docstring","(dtype)",31,"NumArray","NumArray",50
"Convert back to Graph",132,"()",false,"GraphTable.to_graph","to_graph","GraphTable","{}",0,"GraphTable -> Graph","[]","Graph","test_execution","()",19,"GraphTable","GraphTable",14
"Create a dense materialized version of the matrix",318,"()",false,"GraphMatrix.dense","dense","GraphMatrix","{}",0,"GraphMatrix -> GraphMatrix","[]","GraphMatrix","test_execution","()",18,"GraphMatrix","GraphMatrix",18
"Get all attribute keys for a node - delegates to PyGraphAttr",67,"(node_id)",false,"Graph.node_attribute_keys","node_attribute_keys","Graph","{}",1,"Graph -> GraphAttr","[""node_id""]","GraphAttr","docstring","(node_id)",14,"Graph","Graph",16
compressed_text,516,"()",false,"AttrName.isupper","isupper","AttrName","{}",0,"AttrName -> bool","[]","bool","test_execution","()",0,"AttrName","AttrName",47
"Convert graph to attribute matrix - delegates to PyGraphMatrixHelper",91,"()",false,"Graph.to_matrix","to_matrix","Graph","{}",0,"Graph -> GraphMatrix","[]","GraphMatrix","test_execution","()",14,"Graph","Graph",18
compressed_text,497,"(expected_columns)",false,"BaseTable.validate_schema","validate_schema","BaseTable","{}",1,"BaseTable -> dict","[""expected_columns""]","dict","docstring","(expected_columns)",2,"BaseTable","BaseTable",49
"Convert to BaseTable (loses edge-specific typing)",187,"()",false,"EdgesTable.into_base_table","into_base_table","EdgesTable","{}",0,"EdgesTable -> BaseTable","[]","BaseTable","test_execution","()",12,"EdgesTable","EdgesTable",2
"Calculate transitivity of the subgraph",312,"()",false,"Subgraph.transitivity","transitivity","Subgraph","{}",0,"Subgraph -> Subgraph","[]","Subgraph","docstring","()",36,"Subgraph","Subgraph",36
"Get the number of nodes in the graph - DELEGATED",68,"()",false,"Graph.node_count","node_count","Graph","{}",0,"Graph -> int","[]","int","test_execution","()",14,"Graph","Graph",51
compressed_text,138,"(columns)",false,"NodesTable.drop_columns","drop_columns","NodesTable","{}",1,"NodesTable -> list","[""columns""]","list","docstring","(columns)",27,"NodesTable","NodesTable",52
"Create subgraph representing shortest path between two nodes",302,"(source, target)",false,"Subgraph.shortest_path_subgraph","shortest_path_subgraph","Subgraph","{}",2,"Subgraph -> Subgraph","[""source"", ""target""]","Subgraph","docstring","(source, target)",36,"Subgraph","Subgraph",36
"Get rich display representation using Rust formatter",366,"(config)",false,"GraphMatrix.rich_display","rich_display","GraphMatrix","{}",1,"GraphMatrix -> str","[]","str","test_execution","(config=None)",18,"GraphMatrix","GraphMatrix",54
compressed_text,537,"()",false,"BranchName.capitalize","capitalize","BranchName","{}",0,"BranchName -> str","[]","str","test_execution","()",4,"BranchName","BranchName",54
"Get target node IDs  ",199,"()",false,"EdgesTable.targets","targets","EdgesTable","{}",0,"EdgesTable -> NumArray","[]","NumArray","test_execution","()",12,"EdgesTable","EdgesTable",31
"",299,"(k)",false,"Subgraph.sample_k","sample_k","Subgraph","{}",1,"Subgraph -> Subgraph","[""k""]","Subgraph","test_execution","(k)",36,"Subgraph","Subgraph",36
"Get column as numeric array if possible (returns NumArray/IntArray or error)",441,"(column_name)",false,"BaseTable.get_column_numeric","get_column_numeric","BaseTable","{}",1,"BaseTable -> NumArray","[""column_name""]","NumArray","test_execution","(column_name)",2,"BaseTable","BaseTable",31
compressed_text,509,"()",false,"AttrName.isdigit","isdigit","AttrName","{}",0,"AttrName -> bool","[]","bool","test_execution","()",0,"AttrName","AttrName",47
"Parse the 'on' parameter for join operations",463,"(on)",false,"BaseTable.parse_join_on","parse_join_on","BaseTable","{}",1,"BaseTable -> Unknown","[""on""]","Unknown","unknown","(on)",2,"BaseTable","BaseTable",43
compressed_text,505,"()",false,"AttrName.isalnum","isalnum","AttrName","{}",0,"AttrName -> bool","[]","bool","test_execution","()",0,"AttrName","AttrName",47
compressed_text,280,"(attr_name, element_type)",false,"Subgraph.group_by","group_by","Subgraph","{}",2,"Subgraph -> list","[""attr_name"", ""element_type""]","list","docstring","(attr_name, element_type)",36,"Subgraph","Subgraph",52
"Get a NodesTable representation of accessible nodes  
Implements: g.nodes.table()",107,"()",false,"NodesAccessor.table","table","NodesAccessor","{}",0,"NodesAccessor -> NodesTable","[]","NodesTable","test_execution","()",24,"NodesAccessor","NodesAccessor",27
compressed_text,2,"(other)",false,"Graph.add_graph","add_graph","Graph","{}",1,"Graph -> Graph","[""other""]","Graph","docstring","(other)",14,"Graph","Graph",14
"Get entity type - delegates via Python.",31,"()",false,"Graph.entity_type","entity_type","Graph","{}",0,"Graph -> str","[]","str","test_execution","()",14,"Graph","Graph",54
"Get in-degree of nodes within subgraph",286,"(nodes, full_graph)",false,"Subgraph.in_degree","in_degree","Subgraph","{}",2,"Subgraph -> NumArray","[]","NumArray","test_execution","(nodes=None, full_graph=False)",36,"Subgraph","Subgraph",31
"Check if subgraph is empty",290,"()",false,"Subgraph.is_empty","is_empty","Subgraph","{}",0,"Subgraph -> bool","[]","bool","test_execution","()",36,"Subgraph","Subgraph",47
compressed_text,502,"(width, fillchar)",false,"AttrName.center","center","AttrName","{}",2,"AttrName -> str","[""width""]","str","docstring","(width, fillchar=' ', /)",0,"AttrName","AttrName",54
"Calculate the Frobenius norm (Euclidean norm) of the matrix",354,"()",false,"GraphMatrix.norm","norm","GraphMatrix","{}",0,"GraphMatrix -> float","[]","float","test_execution","()",18,"GraphMatrix","GraphMatrix",50
compressed_text,195,"(column, ascending)",false,"EdgesTable.sort_by","sort_by","EdgesTable","{}",2,"EdgesTable -> EdgesTable","[""column""]","EdgesTable","docstring","(column, ascending=True)",12,"EdgesTable","EdgesTable",12
compressed_text,525,"(width, fillchar)",false,"AttrName.rjust","rjust","AttrName","{}",2,"AttrName -> str","[""width""]","str","docstring","(width, fillchar=' ', /)",0,"AttrName","AttrName",54
"Get node mapping for a specific attribute (FFI wrapper around core operations)",41,"(uid_key, return_inverse)",false,"Graph.get_node_mapping","get_node_mapping","Graph","{}",2,"Graph -> Unknown","[""uid_key""]","Unknown","unknown","(uid_key, return_inverse=False)",14,"Graph","Graph",43
"Import NodesTable from CSV file (must contain node_id column)",141,"(path)",false,"NodesTable.from_csv","from_csv","NodesTable","{}",1,"NodesTable -> NodesTable","[""path""]","NodesTable","docstring","(path)",27,"NodesTable","NodesTable",27
"Convert subgraph edges to a table - pure delegation to core GraphTable",274,"()",false,"Subgraph.edges_table","edges_table","Subgraph","{}",0,"Subgraph -> EdgesTable","[]","EdgesTable","test_execution","()",36,"Subgraph","Subgraph",12
compressed_text,174,"(predicate)",false,"EdgesTable.filter","filter","EdgesTable","{}",1,"EdgesTable -> EdgesTable","[""predicate""]","EdgesTable","test_execution","(predicate)",12,"EdgesTable","EdgesTable",12
compressed_text,285,"(node1_id, node2_id)",false,"Subgraph.has_path","has_path","Subgraph","{}",2,"Subgraph -> Subgraph","[""node1_id"", ""node2_id""]","Subgraph","docstring","(node1_id, node2_id)",36,"Subgraph","Subgraph",36
compressed_text,551,"()",false,"BranchName.isspace","isspace","BranchName","{}",0,"BranchName -> bool","[]","bool","test_execution","()",4,"BranchName","BranchName",47
compressed_text,209,"(_port, _layout, _theme, _width, _height)",false,"NodesArray.interactive","interactive","NodesArray","{}",5,"NodesArray -> float","[]","float","docstring","(_port=None, _layout=None, _theme=None, _width=None, _height=None)",25,"NodesArray","NodesArray",50
"Collapse subgraph - delegates via Python.",17,"(aggregations)",false,"Graph.collapse","collapse","Graph","{}",1,"Graph -> Subgraph","[""aggregations""]","Subgraph","docstring","(aggregations)",14,"Graph","Graph",36
compressed_text,117,"(attr_name)",false,"EdgesAccessor.weight_matrix","weight_matrix","EdgesAccessor","{}",1,"EdgesAccessor -> GraphMatrix","[]","GraphMatrix","test_execution","(attr_name=None)",10,"EdgesAccessor","EdgesAccessor",18
"Iterate over rows - returns iterator of BaseArrays or NumArrays",342,"()",false,"GraphMatrix.iter_rows","iter_rows","GraphMatrix","{}",0,"GraphMatrix -> list","[]","list","test_execution","()",18,"GraphMatrix","GraphMatrix",52
compressed_text,32,"(method_name, args, _kwargs)",false,"Graph.experimental","experimental","Graph","{}",3,"Graph -> list","[""method_name"", ""args"", ""_kwargs""]","list","docstring","(method_name, *args, **_kwargs)",14,"Graph","Graph",52
compressed_text,246,"()",false,"SubgraphArray.summary","summary","SubgraphArray","{}",0,"SubgraphArray -> BaseTable","[]","BaseTable","test_execution","()",37,"SubgraphArray","SubgraphArray",2